LOCALITA',STAZIONE,STATO,DATA,ANNO,MESE,LATITUDINE,LONGITUDINE,altezza onda,Ammonio (µM-N),Copertura cielo (decimi),direzione vento,Fosfati (µM-P),Intensità vento (m/s),Nitrati (µM-N),Nitriti (µM-N),Ossigeno disciolto (% sat.),pH,provenienza onda,Salinità (PSU),Temperatura (°C),Temperatura aria (°C),Amphidinium carterae cell/gr,Amphidinium carterae cell/l,Coolia monotis cell/gr,Coolia monotis cell/l,Ostreopsis cfr. ovata cell/gr,Ostreopsis cfr. ovata cell/l,Prorocentrum lima cell/gr,Prorocentrum lima cell/l
Barcola - Trieste,ex CEDAS,attiva,2010-05-25,2010,5,45.68695,13.745716666666668,0.0,1.42,0.0,O,0.06,0.5,13.4,0.27,111.0,8.08,ASSENTE,27.2,19.9,21.4,0.0,0.0,595.0,0.0,0.0,0.0,0.0,66.0
Barcola - Trieste,ex CEDAS,attiva,2010-06-28,2010,6,45.68695,13.745716666666668,0.0,1.59,1.0,O,0.07,2.1,7.48,0.16,108.0,8.28,ASSENTE,30.6,24.07,25.2,0.0,0.0,0.0,0.0,0.0,0.0,336.0,0.0
Barcola - Trieste,ex CEDAS,attiva,2010-07-20,2010,7,45.68695,13.745716666666668,0.0,3.69,0.5,S,0.1,2.6,2.11,0.31,74.6,7.87,ASSENTE,37.0,17.66,28.0,0.0,0.0,0.0,0.0,0.0,0.0,415.0,1440.0
Barcola - Trieste,ex CEDAS,attiva,2010-08-17,2010,8,45.68695,13.745716666666668,0.0,1.09,2.0,S,0.01,2.0,2.58,0.09,74.8,8.23,ASSENTE,33.5,23.76,26.5,0.0,0.0,0.0,0.0,0.0,0.0,40.0,0.0
Barcola - Trieste,ex CEDAS,attiva,2010-09-14,2010,9,45.68695,13.745716666666668,0.0,1.61,0.0,SSE,0.01,3.0,1.74,0.11,81.2,8.23,ASSENTE,34.4,20.6,22.0,0.0,0.0,495.0,0.0,0.0,0.0,636.0,0.0
Barcola - Trieste,ex CEDAS,attiva,2011-05-18,2011,5,45.68695,13.745716666666668,0.0,1.62,1.0,S,0.1,10.5,0.24,0.07,111.0,8.06,ASSENTE,36.73,15.5,25.0,0.0,0.0,0.0,0.0,0.0,0.0,0.0,0.0
Barcola - Trieste,ex CEDAS,attiva,2011-06-15,2011,6,45.68695,13.745716666666668,0.0,0.88,1.0,SSO,0.01,4.5,0.24,0.07,103.5,8.16,ASSENTE,36.71,19.34,28.0,0.0,0.0,0.0,0.0,0.0,0.0,0.0,0.0
Barcola - Trieste,ex CEDAS,attiva,2011-07-15,2011,7,45.68695,13.745716666666668,0.0,2.01,9.0,SSO,0.05,6.0,1.08,0.14,99.9,8.17,ASSENTE,35.46,25.87,32.2,0.0,0.0,69.0,0.0,0.0,0.0,46.0,0.0
Barcola - Trieste,ex CEDAS,attiva,2011-08-09,2011,8,45.68695,13.745716666666668,0.0,1.54,5.0,S,0.03,5.0,2.07,0.1,100.3,8.24,ASSENTE,35.02,24.34,24.9,0.0,0.0,0.0,0.0,0.0,0.0,76.0,0.0
Barcola - Trieste,ex CEDAS,attiva,2011-09-14,2011,9,45.68695,13.745716666666668,0.0,0.53,0.0,ASSENTE,0.02,0.0,0.0,0.02,112.5,8.17,ASSENTE,35.74,25.37,28.2,0.0,0.0,14847.0,0.0,439911.0,1460.0,1100.0,0.0
Barcola - Trieste,ex CEDAS,attiva,2011-09-21,2011,9,45.68695,13.745716666666668,0.0,,0.0,OSO,,2.5,,,,,ASSENTE,,,26.4,0.0,0.0,85366.0,120.0,878049.0,1840.0,2065.0,80.0
Barcola - Trieste,ex CEDAS,attiva,2011-10-03,2011,10,45.68695,13.745716666666668,0.0,,0.0,,,,,,,,ASSENTE,,,,,,,,,,,
Barcola - Trieste,ex CEDAS,attiva,2012-06-21,2012,6,45.68695,13.745716666666668,0.0,1.13,0.0,SO,0.01,2.7,6.12,0.13,90.45,8.02,ASSENTE,33.17,26.931,34.8,0.0,0.0,18927.0,0.0,0.0,0.0,75.0,0.0
Barcola - Trieste,ex CEDAS,attiva,2012-07-11,2012,7,45.68695,13.745716666666668,0.5,1.54,3.0,SO,0.02,1.5,2.51,0.11,97.45,8.84,SO,34.875,27.924,35.5,0.0,0.0,105.0,0.0,0.0,0.0,0.0,0.0
Barcola - Trieste,ex CEDAS,attiva,2012-08-09,2012,8,45.68695,13.745716666666668,0.0,1.01,4.0,SE,0.02,6.5,1.28,0.02,128.58,8.15,ASSENTE,37.386,24.948,31.9,0.0,0.0,13603.0,0.0,0.0,0.0,698.0,0.0
Barcola - Trieste,ex CEDAS,attiva,2012-09-13,2012,9,45.68695,13.745716666666668,0.5,1.4,10.0,SE,0.08,15.0,6.38,0.16,80.45,7.9,SE,36.896,21.757,18.2,0.0,0.0,348.0,0.0,317.0,0.0,0.0,0.0
Barcola - Trieste,ex CEDAS,attiva,2013-05-13,2013,5,45.68695,13.745716666666668,0.0,1.06,2.0,ONO,0.04,4.5,1.03,0.13,108.08,8.21,ASSENTE,36.36,18.52,18.2,0.0,0.0,393.0,0.0,0.0,0.0,0.0,0.0
Barcola - Trieste,ex CEDAS,attiva,2013-06-17,2013,6,45.68695,13.745716666666668,0.0,4.12,0.0,ASSENTE,0.03,0.0,6.65,0.25,104.15,8.15,ASSENTE,31.57,26.13,34.5,0.0,0.0,2038.0,220.0,0.0,0.0,272.0,0.0
Barcola - Trieste,ex CEDAS,attiva,2013-07-15,2013,7,45.68695,13.745716666666668,0.0,1.41,5.0,ASSENTE,0.04,0.0,1.55,0.08,111.56,8.24,ASSENTE,36.02,25.22,33.7,0.0,0.0,340.0,0.0,0.0,0.0,0.0,0.0
Barcola - Trieste,ex CEDAS,attiva,2013-08-19,2013,8,45.68695,13.745716666666668,0.0,5.25,3.0,OSO,0.04,1.3,5.36,0.25,106.73,8.14,ASSENTE,36.14,23.56,31.4,0.0,0.0,230.0,0.0,0.0,0.0,179.0,0.0
Barcola - Trieste,ex CEDAS,attiva,2013-09-16,2013,9,45.68695,13.745716666666668,0.0,5.41,4.0,ASSENTE,0.04,0.0,1.52,0.37,96.99,8.03,ASSENTE,35.93,22.93,27.0,1169.0,0.0,69.0,0.0,1329.0,100.0,390.0,20.0
Barcola - Trieste,ex CEDAS,attiva,2014-05-12,2014,5,45.68695,13.745716666666668,0.0,1.22,5.0,NO,0.04,1.0,13.1,0.28,95.99,7.66,ASSENTE,30.72,19.67,23.0,0.0,0.0,386.0,47.0,0.0,0.0,0.0,0.0
Barcola - Trieste,ex CEDAS,attiva,2014-06-16,2014,6,45.68695,13.745716666666668,0.0,3.44,10.0,SE,0.04,5.0,0.61,0.06,109.43,8.02,ASSENTE,37.19,16.87,22.6,0.0,0.0,74.0,40.0,40.0,0.0,22.0,0.0
Barcola - Trieste,ex CEDAS,attiva,2014-07-28,2014,7,45.68695,13.745716666666668,0.0,2.15,8.0,NNO,0.1,1.0,2.74,0.09,102.48,8.26,ASSENTE,33.89,24.61,29.8,270.0,0.0,1710.0,0.0,0.0,0.0,270.0,0.0
Barcola - Trieste,ex CEDAS,attiva,2014-08-18,2014,8,45.68695,13.745716666666668,0.0,1.14,5.0,ASSENTE,0.02,0.0,3.03,0.08,124.22,8.02,ASSENTE,34.74,25.46,29.0,293.0,0.0,352.0,20.0,59.0,0.0,176.0,0.0
Barcola - Trieste,ex CEDAS,attiva,2014-09-15,2014,9,45.68695,13.745716666666668,0.0,1.18,1.0,ASSENTE,0.03,0.0,6.67,0.11,103.56,8.28,ASSENTE,33.02,20.58,22.0,0.0,0.0,3416.0,0.0,126636.0,100.0,244.0,0.0
Barcola - Trieste,ex CEDAS,attiva,2014-09-24,2014,9,45.68695,13.745716666666668,0.0,1.14,9.0,ASSENTE,0.01,0.0,1.0,0.1,97.86,8.18,ASSENTE,36.35,21.05,20.0,0.0,0.0,2736.0,0.0,29640.0,40.0,912.0,0.0
Barcola - Trieste,ex CEDAS,attiva,2015-05-18,2015,5,45.68695,13.745716666666668,0.0,0.02,0.0,ASSENTE,0.06,0.0,0.02,0.02,111.79,8.21,ASSENTE,37.3,14.93,27.0,0.0,0.0,93.0,0.0,0.0,0.0,23.0,0.0
Barcola - Trieste,ex CEDAS,attiva,2015-06-22,2015,6,45.68695,13.745716666666668,0.0,0.35,3.0,ASSENTE,0.08,0.0,0.42,0.02,111.75,8.25,ASSENTE,37.74,21.15,29.5,0.0,0.0,73.0,0.0,0.0,0.0,0.0,0.0
Barcola - Trieste,ex CEDAS,attiva,2015-07-06,2015,7,45.68695,13.745716666666668,0.0,0.96,2.0,ASSENTE,0.08,0.0,3.3,0.07,116.69,8.23,ASSENTE,35.68,27.54,34.0,0.0,0.0,188.0,0.0,0.0,0.0,78.0,0.0
Barcola - Trieste,ex CEDAS,attiva,2015-09-08,2015,9,45.68695,13.745716666666668,0.3,1.3,1.0,O,0.11,4.0,0.75,0.05,106.61,8.11,O,36.56,22.95,23.0,0.0,0.0,3366.0,0.0,100683.0,2840.0,1068.0,0.0
Barcola - Trieste,ex CEDAS,attiva,2016-05-16,2016,5,45.68695,13.745716666666668,0.2,1.05,5.0,O,0.06,3.0,5.55,0.07,105.5,8.17,O,36.06,16.9,18.0,17.0,0.0,33.0,0.0,0.0,0.0,33.0,0.0
Barcola - Trieste,ex CEDAS,attiva,2016-06-27,2016,6,45.68695,13.745716666666668,0.4,0.71,9.0,SO,0.07,4.0,3.21,0.03,103.31,8.26,SO,33.91,25.3,28.5,0.0,0.0,65.0,0.0,0.0,0.0,65.0,0.0
Barcola - Trieste,ex CEDAS,attiva,2016-07-25,2016,7,45.68695,13.745716666666668,0.0,0.43,9.0,NE,0.01,4.0,3.88,0.05,98.92,8.14,ASSENTE,36.45,25.79,34.0,0.0,0.0,681.0,0.0,0.0,0.0,0.0,0.0
Barcola - Trieste,ex CEDAS,attiva,2016-08-08,2016,8,45.68695,13.745716666666668,0.1,0.77,0.0,S,0.09,5.0,3.22,0.06,92.84,8.12,S,37.1,22.94,30.0,22.0,0.0,2574.0,160.0,65.0,0.0,262.0,0.0
Barcola - Trieste,ex CEDAS,attiva,2016-09-19,2016,9,45.68695,13.745716666666668,0.0,2.02,7.0,NO,0.04,2.0,4.06,0.12,90.89,8.15,ASSENTE,36.53,23.28,23.0,15.0,0.0,87.0,0.0,5818.0,0.0,509.0,0.0
Barcola - Trieste,ex CEDAS,attiva,2017-05-22,2017,5,45.68695,13.745716666666668,0.0,1.25,5.0,ONO,0.48,2.2,3.85,0.18,106.23,8.31,ASSENTE,34.42,18.83,23.0,0.0,0.0,175094.0,0.0,0.0,0.0,0.0,0.0
Barcola - Trieste,ex CEDAS,attiva,2017-06-20,2017,6,45.68695,13.745716666666668,0.0,2.37,0.0,ASSENTE,0.17,0.0,5.95,0.12,98.66,8.41,ASSENTE,33.6,24.01,31.0,0.0,0.0,216.0,0.0,0.0,0.0,0.0,40.0
Barcola - Trieste,ex CEDAS,attiva,2017-07-17,2017,7,45.68695,13.745716666666668,0.0,1.34,0.0,O,0.02,5.3,2.86,0.15,110.22,8.36,ASSENTE,35.57,22.23,27.0,23.0,0.0,69.0,0.0,0.0,0.0,139.0,0.0
Barcola - Trieste,ex CEDAS,attiva,2017-08-28,2017,8,45.68695,13.745716666666668,0.0,0.83,10.0,SO,0.32,4.7,2.96,0.04,108.04,8.46,ASSENTE,35.98,24.6,32.0,1096.0,0.0,4220.0,0.0,1096.0,0.0,2576.0,0.0
Barcola - Trieste,ex CEDAS,attiva,2017-09-18,2017,9,45.68695,13.745716666666668,0.0,0.98,8.0,ENE,1.21,2.2,2.21,0.04,86.66,8.34,ASSENTE,36.06,22.54,20.0,0.0,0.0,111.0,0.0,3500.0,120.0,667.0,0.0
Barcola - Trieste,ex CEDAS,attiva,2018-05-21,2018,5,45.68695,13.745716666666668,0.0,1.02,2.0,E,0.12,6.11,5.72,0.16,110.7,8.19,ASSENTE,37.7,17.34,24.0,0.0,0.0,244.0,0.0,0.0,0.0,0.0,0.0
Barcola - Trieste,ex CEDAS,attiva,2018-06-26,2018,6,45.68695,13.745716666666668,0.0,,2.0,ENE,0.07,6.67,4.61,0.04,96.84,8.21,ASSENTE,37.8,22.31,25.0,0.0,0.0,2740.0,0.0,0.0,0.0,342.0,0.0
Barcola - Trieste,ex CEDAS,attiva,2018-07-23,2018,7,45.68695,13.745716666666668,0.0,,9.0,O,0.06,4.2,0.07,0.07,99.4,8.2,ASSENTE,37.5,25.6,26.0,0.0,0.0,158.0,0.0,0.0,0.0,1372.0,0.0
Barcola - Trieste,ex CEDAS,attiva,2018-08-27,2018,8,45.68695,13.745716666666668,0.0,0.45,0.0,ENE,1.78,6.1,7.3,0.06,87.4,8.1,ASSENTE,37.4,21.3,22.0,0.0,0.0,2679.0,0.0,31998.0,120.0,416.0,0.0
Barcola - Trieste,ex CEDAS,attiva,2018-09-17,2018,9,45.68695,13.745716666666668,0.0,1.35,3.0,NO,0.08,2.8,4.77,0.09,98.88,8.15,ASSENTE,36.95,24.74,24.0,0.0,0.0,3220.0,0.0,46432.0,440.0,1199.0,0.0
Barcola - Trieste,ex CEDAS,attiva,2019-06-24,2019,6,45.68695,13.745716666666668,0.0,2.64,2.0,ONO,0.06,3.5,7.64,0.06,103.52,8.26,ASSENTE,32.5,25.58,31.0,106.0,0.0,42.0,0.0,0.0,0.0,63.0,0.0
Barcola - Trieste,ex CEDAS,attiva,2019-07-15,2019,7,45.68695,13.745716666666668,0.0,0.11,9.0,E,0.01,4.7,4.5,0.06,97.07,8.22,ASSENTE,36.96,23.65,30.0,73.0,0.0,170.0,0.0,0.0,0.0,121.0,0.0
Barcola - Trieste,ex CEDAS,attiva,2019-07-22,2019,7,45.68695,13.745716666666668,0.0,0.11,8.0,ONO,0.01,2.2,3.62,0.06,92.72,8.29,ASSENTE,36.62,25.7,28.0,111.0,0.0,890.0,0.0,0.0,0.0,612.0,120.0
Barcola - Trieste,ex CEDAS,attiva,2019-08-05,2019,8,45.68695,13.745716666666668,0.0,0.83,9.0,ONO,0.17,1.7,4.94,0.15,98.14,8.33,ASSENTE,35.98,25.81,25.0,31.0,0.0,359.0,0.0,0.0,0.0,1172.0,0.0
Barcola - Trieste,ex CEDAS,attiva,2019-08-26,2019,8,45.68695,13.745716666666668,0.0,0.48,0.0,SE,0.11,3.3,2.83,0.06,96.55,8.23,ASSENTE,37.52,23.63,32.0,189.0,0.0,836.0,0.0,431.0,0.0,458.0,0.0
Barcola - Trieste,ex CEDAS,attiva,2019-09-16,2019,9,45.68695,13.745716666666668,0.0,1.12,0.0,NNO,0.29,1.9,3.5,0.06,87.29,8.21,ASSENTE,37.23,23.64,23.0,0.0,0.0,242.0,0.0,183928.0,3400.0,0.0,40.0
Barcola - Trieste,ex CEDAS,attiva,2019-09-23,2019,9,45.68695,13.745716666666668,0.0,0.91,10.0,ONO,0.59,2.5,4.61,0.06,80.25,8.19,ASSENTE,37.58,20.7,18.0,257.0,0.0,1851.0,40.0,31577.0,1120.0,1389.0,40.0
Barcola - Trieste,ex CEDAS,attiva,2020-06-22,2020,6,45.68695,13.745716666666668,0.0,0.01,2.0,O,0.01,2.5,0.53,0.01,,8.13,ASSENTE,30.32,24.22,23.0,0.0,0.0,660.0,0.0,0.0,0.0,124.0,0.0
Barcola - Trieste,ex CEDAS,attiva,2020-07-06,2020,7,45.68695,13.745716666666668,0.0,0.01,0.0,NNO,0.01,3.6,0.37,0.01,93.98,8.1,ASSENTE,34.64,24.48,28.0,638.0,1040.0,243.0,0.0,0.0,0.0,364.0,0.0
Barcola - Trieste,ex CEDAS,attiva,2020-07-20,2020,7,45.68695,13.745716666666668,0.0,0.01,0.0,ONO,0.01,1.7,2.12,0.01,93.05,8.15,ASSENTE,35.51,23.17,24.0,0.0,0.0,356.0,0.0,0.0,0.0,603.0,0.0
Barcola - Trieste,ex CEDAS,attiva,2020-08-03,2020,8,45.68695,13.745716666666668,0.0,0.13,10.0,O,0.03,1.7,1.04,0.01,86.7,8.1,ASSENTE,36.39,25.44,26.0,107.0,0.0,27.0,0.0,0.0,0.0,160.0,80.0
Barcola - Trieste,ex CEDAS,attiva,2020-08-24,2020,8,45.68695,13.745716666666668,0.0,0.01,6.0,ENE,0.18,10.0,1.51,0.01,75.7,8.1,ASSENTE,37.91,20.74,26.0,3109.0,0.0,663.0,0.0,7443.0,0.0,0.0,0.0
Barcola - Trieste,ex CEDAS,attiva,2020-09-07,2020,9,45.68695,13.745716666666668,0.0,0.01,6.0,ENE,0.02,9.2,1.5,0.01,99.31,8.09,ASSENTE,36.87,24.74,25.0,0.0,0.0,3230.0,0.0,208236.0,2200.0,39.0,0.0
Barcola - Trieste,ex CEDAS,attiva,2020-09-14,2020,9,45.68695,13.745716666666668,0.0,,0.0,E,,5.8,,,141.37,8.29,ASSENTE,36.21,24.8,29.0,,,,,,,,
Barcola - Trieste,ex CEDAS,attiva,2020-09-21,2020,9,45.68695,13.745716666666668,0.0,0.1,9.0,NO,0.1,1.9,0.1,0.1,98.79,7.84,ASSENTE,37.3,21.5,23.0,144.0,0.0,936.0,40.0,1512.0,200.0,432.0,0.0
Barcola - Trieste,ex CEDAS,attiva,2021-06-21,2021,6,45.68695,13.745716666666668,0.0,0.85,0.0,NO,0.01,1.9,2.19,0.01,86.66,8.23,ASSENTE,34.45,26.11,27.0,80.0,0.0,900.0,0.0,0.0,0.0,380.0,0.0
Barcola - Trieste,ex CEDAS,attiva,2021-07-05,2021,7,45.68695,13.745716666666668,0.0,0.94,4.0,WNW,0.01,3.1,3.03,0.1,86.58,8.3,ASSENTE,31.96,26.63,24.0,0.0,0.0,0.0,0.0,0.0,0.0,0.0,0.0
Barcola - Trieste,ex CEDAS,attiva,2021-07-19,2021,7,45.68695,13.745716666666668,0.0,0.01,4.0,NNE,0.01,7.8,0.01,0.13,87.13,8.06,ASSENTE,34.44,24.79,29.0,50.0,40.0,151.0,0.0,0.0,0.0,50.0,40.0
Barcola - Trieste,ex CEDAS,attiva,2021-08-02,2021,8,45.68695,13.745716666666668,0.0,0.82,5.0,W,0.19,2.8,1.83,0.11,82.88,8.06,ASSENTE,34.69,26.77,26.0,36.0,0.0,360.0,0.0,0.0,0.0,360.0,0.0
Barcola - Trieste,ex CEDAS,attiva,2021-08-24,2021,8,45.68695,13.745716666666668,0.0,0.01,1.0,ENE,0.2,7.2,1.68,0.07,88.52,,ASSENTE,36.97,22.58,25.0,764.0,0.0,478.0,0.0,287.0,0.0,764.0,0.0
Barcola - Trieste,ex CEDAS,attiva,2021-09-06,2021,9,45.68695,13.745716666666668,0.0,0.5,0.0,NE,0.23,6.11,0.49,0.01,86.99,,ASSENTE,36.85,22.84,25.0,1121.0,0.0,540.0,0.0,11804.0,40.0,5111.0,0.0
Barcola - Trieste,ex CEDAS,attiva,2021-09-20,2021,9,45.68695,13.745716666666668,0.0,0.91,9.0,ENE,0.2,10.8,1.48,0.01,93.31,,ASSENTE,36.88,22.49,20.0,2104.0,80.0,3190.0,240.0,14662.0,240.0,7059.0,80.0
Barcola - Trieste,ex CEDAS,attiva,2022-06-20,2022,6,45.68695,13.745716666666668,0.0,1.06,0.0,NO,0.4,1.7,2.57,0.14,107.38,8.22,ASSENTE,36.41,24.7,24.0,2107.0,0.0,1296.0,0.0,0.0,0.0,0.0,0.0
Barcola - Trieste,ex CEDAS,attiva,2022-07-25,2022,7,45.68695,13.745716666666668,0.0,1.44,0.0,WNW,0.18,4.7,2.55,0.09,110.06,8.18,ASSENTE,37.9,26.9,31.0,205.0,0.0,8249.0,0.0,0.0,0.0,750.0,0.0
Barcola - Trieste,ex CEDAS,attiva,2022-08-08,2022,8,45.68695,13.745716666666668,0.0,0.71,2.0,ENE,0.64,8.8,0.89,,87.81,8.12,ASSENTE,38.13,21.1,26.0,0.0,0.0,147.0,0.0,93454.0,760.0,0.0,0.0
Barcola - Trieste,ex CEDAS,attiva,2022-08-22,2022,8,45.68695,13.745716666666668,0.0,,3.0,WNW,0.11,1.6,1.88,0.1,,,ASSENTE,,24.89,25.0,0.0,0.0,29909.0,120.0,263315.0,3920.0,0.0,40.0
Barcola - Trieste,ex CEDAS,attiva,2022-08-29,2022,8,45.68695,13.745716666666668,0.0,1.06,5.0,S,0.13,1.9,0.65,0.27,,8.22,ASSENTE,38.1,24.88,28.0,0.0,0.0,2310.0,0.0,14458.0,760.0,1080.0,0.0
Barcola - Trieste,ex CEDAS,attiva,2022-09-05,2022,9,45.68695,13.745716666666668,0.0,1.44,4.0,NW,0.18,2.5,0.73,0.35,105.97,8.03,ASSENTE,38.18,23.53,23.0,0.0,0.0,2623.0,0.0,50102.0,480.0,1749.0,0.0
Barcola - Trieste,ex CEDAS,attiva,2022-09-19,2022,9,45.68695,13.745716666666668,0.0,,2.0,SE,,2.8,,,104.54,8.0,ASSENTE,37.78,22.3,20.0,0.0,0.0,1484.0,0.0,6349.0,240.0,0.0,0.0
Barcola - Trieste,ex CEDAS,attiva,2023-06-19,2023,6,45.68695,13.745716666666668,0.0,0.78,5.0,NW,0.16,3.6,0.44,0.08,107.89,8.09,ASSENTE,37.69,22.11,23.0,0.0,0.0,1693.0,0.0,0.0,0.0,80.0,40.0
Barcola - Trieste,ex CEDAS,attiva,2023-07-24,2023,7,45.68695,13.745716666666668,0.0,2.02,3.0,ESE,1.22,2.5,1.45,0.27,89.19,8.0,ASSENTE,37.34,26.48,28.0,60.0,0.0,535.0,0.0,0.0,0.0,1457.0,640.0
Barcola - Trieste,ex CEDAS,attiva,2023-08-07,2023,8,45.68695,13.745716666666668,0.0,1.74,1.0,NW,0.22,1.4,0.48,0.08,87.39,7.96,ASSENTE,36.59,24.99,21.0,194.0,0.0,164.0,0.0,0.0,0.0,179.0,0.0
Barcola - Trieste,ex CEDAS,attiva,2023-08-21,2023,8,45.68695,13.745716666666668,0.0,1.77,0.0,ENE,0.11,3.1,1.5,0.15,81.05,8.06,ASSENTE,37.33,26.11,30.0,4489.0,0.0,25094.0,400.0,49037.0,1760.0,4719.0,0.0
Barcola - Trieste,ex CEDAS,attiva,2023-09-04,2023,9,45.68695,13.745716666666668,0.0,1.62,4.0,ENE,0.11,10.0,0.41,0.18,97.11,8.05,ASSENTE,37.3,24.91,25.0,451.0,520.0,1020.0,80.0,19858.0,640.0,746.0,40.0
Barcola - Trieste,ex CEDAS,attiva,2023-09-18,2023,9,45.68695,13.745716666666668,0.0,1.15,10.0,SSE,0.04,0.8,0.83,0.09,80.66,8.01,ASSENTE,36.22,24.2,24.0,124.0,0.0,2045.0,400.0,8334.0,800.0,1549.0,0.0
Barcola - Trieste,ex CEDAS,attiva,2024-06-24,2024,6,45.68695,13.745716666666668,0.0,2.07,9.0,ENE,0.05,16.7,,0.11,86.47,8.13,ASSENTE,37.0,19.1,24.0,0.0,0.0,84.0,0.0,0.0,0.0,56.0,0.0
Barcola - Trieste,ex CEDAS,attiva,2024-07-22,2024,7,45.68695,13.745716666666668,0.0,1.93,8.0,WNW,,1.6,,0.06,92.6,8.23,ASSENTE,37.0,24.49,26.0,0.0,0.0,138.0,0.0,0.0,0.0,108.0,0.0
Barcola - Trieste,ex CEDAS,attiva,2024-08-05,2024,8,45.68695,13.745716666666668,0.0,3.07,8.0,WNW,0.08,2.5,,0.1,84.93,8.25,ASSENTE,35.88,26.62,27.6,64.0,0.0,499.0,0.0,0.0,0.0,434.0,0.0
Barcola - Trieste,ex CEDAS,attiva,2024-08-19,2024,8,45.68695,13.745716666666668,0.0,3.57,10.0,NNW,,0.2,,0.18,80.92,8.26,ASSENTE,36.37,27.94,23.1,83.0,0.0,465.0,0.0,248.0,80.0,527.0,40.0
Barcola - Trieste,ex CEDAS,attiva,2024-09-02,2024,9,45.68695,13.745716666666668,0.0,1.71,4.0,SSE,,2.2,,,82.43,8.35,ASSENTE,35.22,28.13,31.2,26.0,0.0,51.0,0.0,128.0,0.0,128.0,40.0
Barcola - Trieste,ex CEDAS,attiva,2024-09-16,2024,9,45.68695,13.745716666666668,0.0,0.5,6.0,SSE,0.1,1.7,,,83.18,8.3,ASSENTE,35.6,23.09,18.6,35.0,0.0,26.0,0.0,0.0,0.0,17.0,0.0
Canovella de' Zoppoli - Duino-Aurisina,Pozza di marea,attiva,2009-09-29,2009,9,45.749116666666666,13.655783333333334,,,,,,,,,,,,,,,,,,,,3076416.0,,
Canovella de' Zoppoli - Duino-Aurisina,Pozza di marea,attiva,2009-10-01,2009,10,45.749116666666666,13.655783333333334,0.0,,0.0,NNE,,5.0,,,,,ASSENTE,,,26.0,,,,,,5020.0,,
Canovella de' Zoppoli - Duino-Aurisina,Pozza di marea,attiva,2009-10-07,2009,10,45.749116666666666,13.655783333333334,0.0,,0.0,NNE,,5.0,,,,,ASSENTE,,,26.0,,,,,,400.0,,
Canovella de' Zoppoli - Duino-Aurisina,Pozza di marea,attiva,2010-05-27,2010,5,45.749116666666666,13.655783333333334,0.0,1.54,0.0,ONO,0.03,2.5,14.72,0.17,104.0,8.03,ASSENTE,26.1,21.06,21.0,0.0,0.0,115.0,0.0,0.0,0.0,0.0,0.0
Canovella de' Zoppoli - Duino-Aurisina,Pozza di marea,attiva,2010-06-29,2010,6,45.749116666666666,13.655783333333334,0.0,1.91,2.0,ASSENTE,0.07,0.0,14.96,0.28,122.5,8.21,ASSENTE,27.5,24.5,28.8,0.0,0.0,153.0,240.0,0.0,0.0,722.0,0.0
Canovella de' Zoppoli - Duino-Aurisina,Pozza di marea,attiva,2010-07-21,2010,7,45.749116666666666,13.655783333333334,0.0,1.46,0.0,ASSENTE,0.02,0.0,2.95,0.23,154.1,8.31,ASSENTE,33.4,25.4,30.6,0.0,0.0,52.0,40.0,40.0,0.0,0.0,0.0
Canovella de' Zoppoli - Duino-Aurisina,Pozza di marea,attiva,2010-09-15,2010,9,45.749116666666666,13.655783333333334,0.0,0.98,3.0,ASSENTE,0.01,0.0,2.33,0.09,71.7,8.28,ASSENTE,33.1,21.8,22.4,0.0,0.0,134.0,20.0,46.0,0.0,127.0,40.0
Canovella de' Zoppoli - Duino-Aurisina,Pozza di marea,attiva,2011-05-16,2011,5,45.749116666666666,13.655783333333334,0.0,1.24,4.0,S,0.11,1.0,1.14,0.08,107.9,8.16,ASSENTE,36.55,15.41,15.0,0.0,0.0,120.0,40.0,0.0,0.0,0.0,0.0
Canovella de' Zoppoli - Duino-Aurisina,Pozza di marea,attiva,2011-06-17,2011,6,45.749116666666666,13.655783333333334,0.0,0.94,7.0,ASSENTE,0.01,0.0,3.1,0.11,100.4,8.15,ASSENTE,34.59,22.81,28.0,0.0,0.0,4925.0,0.0,0.0,0.0,276.0,0.0
Canovella de' Zoppoli - Duino-Aurisina,Pozza di marea,attiva,2011-07-13,2011,7,45.749116666666666,13.655783333333334,0.0,1.35,1.0,ASSENTE,0.07,0.0,1.97,0.16,126.0,8.22,ASSENTE,35.35,26.61,29.5,0.0,0.0,43.0,1200.0,0.0,0.0,174.0,400.0
Canovella de' Zoppoli - Duino-Aurisina,Pozza di marea,attiva,2011-08-11,2011,8,45.749116666666666,13.655783333333334,0.0,1.45,1.0,ASSENTE,0.1,0.0,2.87,0.19,127.9,8.24,ASSENTE,35.15,25.5,27.3,0.0,0.0,530.0,3200.0,0.0,0.0,2056.0,800.0
Canovella de' Zoppoli - Duino-Aurisina,Pozza di marea,attiva,2011-09-15,2011,9,45.749116666666666,13.655783333333334,0.0,1.42,0.0,ASSENTE,0.06,0.0,1.91,0.19,123.8,8.2,ASSENTE,35.83,25.15,25.9,0.0,0.0,25538.0,0.0,142850.0,14080.0,1358.0,0.0
Canovella de' Zoppoli - Duino-Aurisina,Pozza di marea,attiva,2011-09-21,2011,9,45.749116666666666,13.655783333333334,0.0,,0.0,OSO,,5.2,,,,,ASSENTE,,,26.0,0.0,0.0,0.0,0.0,713292.0,9480.0,0.0,0.0
Canovella de' Zoppoli - Duino-Aurisina,Pozza di marea,attiva,2011-10-03,2011,10,45.749116666666666,13.655783333333334,0.0,,0.0,,,,,,,,ASSENTE,,,,0.0,0.0,135239.0,1260.0,387352.0,14560.0,16696.0,340.0
Canovella de' Zoppoli - Duino-Aurisina,Pozza di marea,attiva,2011-10-19,2011,10,45.749116666666666,13.655783333333334,0.0,,5.0,,,,,,,,ASSENTE,,,,0.0,0.0,86036.0,200.0,41430.0,3612.0,927.0,0.0
Canovella de' Zoppoli - Duino-Aurisina,Pozza di marea,attiva,2012-05-24,2012,5,45.749116666666666,13.655783333333334,0.0,0.64,3.0,ASSENTE,0.01,0.0,8.14,0.13,120.53,8.09,ASSENTE,34.202,18.055,22.7,0.0,0.0,1357.0,20.0,113.0,0.0,226.0,0.0
Canovella de' Zoppoli - Duino-Aurisina,Pozza di marea,attiva,2012-06-21,2012,6,45.749116666666666,13.655783333333334,0.0,1.77,0.0,ASSENTE,0.06,0.0,13.0,0.23,110.95,7.88,ASSENTE,30.893,26.767,36.4,0.0,0.0,607.0,0.0,0.0,0.0,1516.0,0.0
Canovella de' Zoppoli - Duino-Aurisina,Pozza di marea,attiva,2012-07-11,2012,7,45.749116666666666,13.655783333333334,0.0,0.69,2.0,ASSENTE,0.01,0.0,1.48,0.08,99.77,8.0,ASSENTE,35.427,26.945,35.5,0.0,0.0,2254.0,40.0,0.0,0.0,572.0,0.0
Canovella de' Zoppoli - Duino-Aurisina,Pozza di marea,attiva,2012-08-09,2012,8,45.749116666666666,13.655783333333334,0.0,0.87,3.0,SO,0.03,3.0,2.53,0.06,142.52,8.11,ASSENTE,36.981,27.789,35.9,0.0,0.0,6286.0,40.0,0.0,0.0,61449.0,1840.0
Canovella de' Zoppoli - Duino-Aurisina,Pozza di marea,attiva,2012-09-13,2012,9,45.749116666666666,13.655783333333334,0.0,0.58,10.0,SE,0.01,2.5,2.38,0.07,138.02,8.25,ASSENTE,36.207,21.243,20.6,0.0,0.0,4728.0,3080.0,2526264.0,87360.0,1351.0,0.0
Canovella de' Zoppoli - Duino-Aurisina,Pozza di marea,attiva,2013-05-13,2013,5,45.749116666666666,13.655783333333334,0.0,0.81,2.0,O,0.06,3.5,7.06,0.12,107.36,8.19,ASSENTE,32.52,19.41,23.0,0.0,0.0,555.0,0.0,0.0,0.0,0.0,0.0
Canovella de' Zoppoli - Duino-Aurisina,Pozza di marea,attiva,2013-06-17,2013,6,45.749116666666666,13.655783333333334,0.0,5.4,0.0,ASSENTE,0.03,0.0,12.0,0.48,124.47,8.24,ASSENTE,30.88,28.6,33.5,0.0,0.0,21706.0,780.0,0.0,0.0,447.0,0.0
Canovella de' Zoppoli - Duino-Aurisina,Pozza di marea,attiva,2013-07-15,2013,7,45.749116666666666,13.655783333333334,0.0,3.06,5.0,OSO,0.08,3.0,2.32,0.17,107.46,8.18,ASSENTE,36.42,26.27,33.3,0.0,0.0,89.0,0.0,0.0,0.0,391.0,0.0
Canovella de' Zoppoli - Duino-Aurisina,Pozza di marea,attiva,2013-08-19,2013,8,45.749116666666666,13.655783333333334,0.0,1.62,1.0,ASSENTE,0.04,0.0,3.97,0.26,121.58,8.11,ASSENTE,36.58,24.8,29.6,0.0,0.0,844.0,0.0,137.0,0.0,593.0,0.0
Canovella de' Zoppoli - Duino-Aurisina,Pozza di marea,attiva,2013-09-16,2013,9,45.749116666666666,13.655783333333334,0.0,0.91,5.0,ASSENTE,0.04,0.0,1.64,0.11,119.68,8.18,ASSENTE,35.73,24.09,29.0,0.0,0.0,102453.0,520.0,1627200.0,5740.0,0.0,0.0
Canovella de' Zoppoli - Duino-Aurisina,Pozza di marea,attiva,2013-09-26,2013,9,45.749116666666666,13.655783333333334,0.0,,10.0,O,,2.3,,,,,ASSENTE,,,23.0,0.0,0.0,65600.0,1040.0,8826.0,1640.0,143.0,100.0
Canovella de' Zoppoli - Duino-Aurisina,Pozza di marea,attiva,2014-05-12,2014,5,45.749116666666666,13.655783333333334,0.0,1.27,5.0,ONO,0.04,1.0,11.7,0.24,101.14,7.9,ASSENTE,31.35,20.86,17.2,0.0,0.0,766.0,67.0,0.0,0.0,61.0,20.0
Canovella de' Zoppoli - Duino-Aurisina,Pozza di marea,attiva,2014-06-16,2014,6,45.749116666666666,13.655783333333334,0.0,2.72,10.0,ASSENTE,0.09,0.0,1.99,0.07,115.73,8.02,ASSENTE,35.24,19.31,22.2,0.0,0.0,27.0,40.0,0.0,0.0,72.0,0.0
Canovella de' Zoppoli - Duino-Aurisina,Pozza di marea,attiva,2014-07-28,2014,7,45.749116666666666,13.655783333333334,,,,,,,,,,,,,,,33.0,0.0,817.0,20.0,392.0,0.0,490.0,40.0
Canovella de' Zoppoli - Duino-Aurisina,Pozza di marea,attiva,2014-07-29,2014,7,45.749116666666666,13.655783333333334,0.5,1.09,10.0,ASSENTE,0.06,0.0,4.19,0.18,102.5,8.23,170,33.84,23.91,21.8,,,,,,,,
Canovella de' Zoppoli - Duino-Aurisina,Pozza di marea,attiva,2014-08-18,2014,8,45.749116666666666,13.655783333333334,0.0,1.44,8.0,ASSENTE,0.09,0.0,3.17,0.14,93.88,8.28,ASSENTE,34.2,24.8,25.2,320.0,0.0,640.0,60.0,427.0,0.0,373.0,40.0
Canovella de' Zoppoli - Duino-Aurisina,Pozza di marea,attiva,2014-09-15,2014,9,45.749116666666666,13.655783333333334,0.0,1.17,3.0,SO,0.05,2.0,15.2,0.2,93.91,7.99,ASSENTE,29.19,21.37,26.4,0.0,0.0,19328.0,120.0,182710.0,680.0,0.0,0.0
Canovella de' Zoppoli - Duino-Aurisina,Pozza di marea,attiva,2014-09-24,2014,9,45.749116666666666,13.655783333333334,,0.87,,,0.05,,2.04,0.1,106.33,8.24,,36.94,21.6,,9680.0,0.0,50600.0,0.0,98120.0,80.0,6160.0,0.0
Canovella de' Zoppoli - Duino-Aurisina,Pozza di marea,attiva,2015-05-18,2015,5,45.749116666666666,13.655783333333334,0.0,1.11,0.0,ASSENTE,0.15,0.0,4.9,0.11,124.63,8.24,ASSENTE,35.99,19.55,28.5,0.0,0.0,3895.0,0.0,0.0,0.0,82.0,0.0
Canovella de' Zoppoli - Duino-Aurisina,Pozza di marea,attiva,2015-06-22,2015,6,45.749116666666666,13.655783333333334,0.0,0.53,9.0,ASSENTE,0.07,0.0,2.97,0.07,115.62,8.22,ASSENTE,31.42,21.86,25.5,59.0,0.0,534.0,200.0,0.0,0.0,376.0,80.0
Canovella de' Zoppoli - Duino-Aurisina,Pozza di marea,attiva,2015-07-06,2015,7,45.749116666666666,13.655783333333334,0.0,1.23,8.0,ASSENTE,0.11,0.0,6.41,0.16,124.76,8.2,ASSENTE,35.55,26.08,28.0,0.0,0.0,180.0,0.0,0.0,0.0,4230.0,0.0
Canovella de' Zoppoli - Duino-Aurisina,Pozza di marea,attiva,2015-08-17,2015,8,45.749116666666666,13.655783333333334,0.0,1.51,10.0,ASSENTE,0.08,0.0,2.56,0.13,76.78,7.92,ASSENTE,35.79,24.99,21.5,184.0,0.0,1581.0,0.0,1323.0,0.0,74.0,0.0
Canovella de' Zoppoli - Duino-Aurisina,Pozza di marea,attiva,2015-09-08,2015,9,45.749116666666666,13.655783333333334,0.0,1.2,0.0,ASSENTE,0.04,0.0,0.9,0.1,83.22,8.06,ASSENTE,36.21,23.18,20.0,0.0,0.0,76480.0,120.0,211200.0,6640.0,0.0,0.0
Canovella de' Zoppoli - Duino-Aurisina,Pozza di marea,attiva,2016-05-16,2016,5,45.749116666666666,13.655783333333334,0.0,1.28,2.0,NE,0.11,1.0,6.19,0.05,97.32,7.93,ASSENTE,35.4,17.12,20.0,72.0,0.0,36.0,0.0,0.0,0.0,0.0,0.0
Canovella de' Zoppoli - Duino-Aurisina,Pozza di marea,attiva,2016-06-27,2016,6,45.749116666666666,13.655783333333334,0.2,0.69,8.0,O,0.29,1.0,3.57,0.08,101.86,8.19,O,34.5,23.67,26.0,0.0,0.0,21.0,0.0,0.0,0.0,0.0,0.0
Canovella de' Zoppoli - Duino-Aurisina,Pozza di marea,attiva,2016-07-25,2016,7,45.749116666666666,13.655783333333334,0.0,0.72,6.0,NE,0.01,3.0,6.44,0.15,104.29,8.1,ASSENTE,35.64,25.85,30.0,33.0,0.0,800.0,40.0,0.0,0.0,167.0,40.0
Canovella de' Zoppoli - Duino-Aurisina,Pozza di marea,attiva,2016-08-08,2016,8,45.749116666666666,13.655783333333334,0.0,1.34,0.0,SE,0.14,1.0,5.8,0.12,103.35,8.08,ASSENTE,36.3,23.57,24.0,400.0,0.0,523.0,40.0,0.0,0.0,400.0,40.0
Canovella de' Zoppoli - Duino-Aurisina,Pozza di marea,attiva,2016-09-19,2016,9,45.749116666666666,13.655783333333334,0.0,1.25,9.0,ASSENTE,0.01,0.0,3.97,0.07,88.72,8.11,ASSENTE,36.55,22.25,20.0,0.0,0.0,5022.0,0.0,229716.0,6960.0,5022.0,0.0
Canovella de' Zoppoli - Duino-Aurisina,Pozza di marea,attiva,2017-05-22,2017,5,45.749116666666666,13.655783333333334,0.0,1.03,5.0,SSO,0.53,2.1,5.24,0.24,122.81,8.36,ASSENTE,33.99,21.71,26.0,4720.0,0.0,139623.0,0.0,0.0,0.0,960.0,0.0
Canovella de' Zoppoli - Duino-Aurisina,Pozza di marea,attiva,2017-06-20,2017,6,45.749116666666666,13.655783333333334,0.0,2.08,0.0,ASSENTE,0.12,0.0,9.92,0.48,114.78,8.42,ASSENTE,31.51,24.3,26.0,0.0,0.0,1117.0,0.0,0.0,0.0,0.0,4470.0
Canovella de' Zoppoli - Duino-Aurisina,Pozza di marea,attiva,2017-07-17,2017,7,45.749116666666666,13.655783333333334,0.0,1.38,0.0,O,0.02,7.5,6.79,0.16,109.04,8.39,ASSENTE,34.61,23.99,26.0,2234.0,0.0,0.0,0.0,0.0,0.0,5340.0,0.0
Canovella de' Zoppoli - Duino-Aurisina,Pozza di marea,attiva,2017-08-28,2017,8,45.749116666666666,13.655783333333334,0.0,1.42,10.0,NO,0.04,3.6,4.73,0.2,117.61,8.49,ASSENTE,35.8,25.17,31.0,1882.0,0.0,776.0,0.0,1474.0,320.0,11135.0,80.0
Canovella de' Zoppoli - Duino-Aurisina,Pozza di marea,attiva,2017-09-18,2017,9,45.749116666666666,13.655783333333334,0.0,0.82,10.0,OSO,1.5,3.6,15.18,0.17,96.84,8.39,ASSENTE,30.29,21.07,23.0,0.0,0.0,1768.0,0.0,25642.0,6200.0,98.0,0.0
Canovella de' Zoppoli - Duino-Aurisina,Pozza di marea,attiva,2018-05-21,2018,5,45.749116666666666,13.655783333333334,0.0,1.19,4.0,ENE,0.13,6.39,5.82,0.21,114.58,8.25,ASSENTE,35.4,21.28,25.0,0.0,0.0,1626.0,440.0,0.0,0.0,4789.0,1080.0
Canovella de' Zoppoli - Duino-Aurisina,Pozza di marea,attiva,2018-06-26,2018,6,45.749116666666666,13.655783333333334,0.0,0.08,2.0,NE,0.12,6.67,7.25,0.21,123.73,8.26,ASSENTE,36.2,24.08,25.0,1977.0,0.0,1273.0,120.0,0.0,0.0,2790.0,320.0
Canovella de' Zoppoli - Duino-Aurisina,Pozza di marea,attiva,2018-07-23,2018,7,45.749116666666666,13.655783333333334,0.0,1.07,5.0,NE,0.09,5.6,0.17,0.17,125.5,8.3,ASSENTE,37.6,26.8,29.0,1362.0,0.0,439.0,0.0,0.0,0.0,1581.0,120.0
Canovella de' Zoppoli - Duino-Aurisina,Pozza di marea,attiva,2018-08-27,2018,8,45.749116666666666,13.655783333333334,0.0,1.27,0.0,O,0.67,5.0,6.03,0.11,109.0,8.3,ASSENTE,36.7,24.8,23.0,2020.0,120.0,2813.0,400.0,1082.0,720.0,431.0,200.0
Canovella de' Zoppoli - Duino-Aurisina,Pozza di marea,attiva,2018-09-17,2018,9,45.749116666666666,13.655783333333334,0.0,1.32,3.0,O,0.09,1.4,12.02,0.17,126.04,8.24,ASSENTE,36.03,25.97,26.0,472.0,0.0,9617.0,400.0,23699.0,7840.0,644.0,0.0
Canovella de' Zoppoli - Duino-Aurisina,Pozza di marea,attiva,2019-06-24,2019,6,45.749116666666666,13.655783333333334,0.0,4.21,4.0,ASSENTE,0.13,0.0,16.0,0.22,107.03,8.26,ASSENTE,31.7,26.65,33.0,57.0,0.0,28.0,0.0,0.0,0.0,227.0,0.0
Canovella de' Zoppoli - Duino-Aurisina,Pozza di marea,attiva,2019-07-15,2019,7,45.749116666666666,13.655783333333334,0.0,0.11,9.0,ESE,0.09,8.3,13.0,0.11,103.19,8.09,ASSENTE,34.73,22.82,26.0,11.0,0.0,320.0,0.0,0.0,0.0,43.0,0.0
Canovella de' Zoppoli - Duino-Aurisina,Pozza di marea,attiva,2019-07-22,2019,7,45.749116666666666,13.655783333333334,0.0,0.11,7.0,ONO,0.04,3.3,6.22,0.09,116.51,8.42,ASSENTE,36.28,27.09,28.0,140.0,0.0,449.0,0.0,0.0,0.0,281.0,0.0
Canovella de' Zoppoli - Duino-Aurisina,Pozza di marea,attiva,2019-08-05,2019,8,45.749116666666666,13.655783333333334,0.0,0.32,7.0,ONO,0.09,2.2,9.68,0.18,101.58,8.42,ASSENTE,32.9,26.38,26.0,26.0,0.0,204.0,0.0,0.0,0.0,626.0,0.0
Canovella de' Zoppoli - Duino-Aurisina,Pozza di marea,attiva,2019-08-26,2019,8,45.749116666666666,13.655783333333334,0.0,1.0,0.0,ASSENTE,0.21,0.0,6.35,0.11,109.84,8.47,ASSENTE,35.97,26.24,34.0,3009.0,3520.0,3823.0,175.0,5487.0,1240.0,850.0,0.0
Canovella de' Zoppoli - Duino-Aurisina,Pozza di marea,attiva,2019-09-16,2019,9,45.749116666666666,13.655783333333334,0.0,0.71,0.0,NNO,0.06,2.2,3.62,0.06,123.87,8.41,ASSENTE,36.88,24.6,23.0,0.0,0.0,243356.0,4680.0,4167403.0,6600.0,538.0,0.0
Canovella de' Zoppoli - Duino-Aurisina,Pozza di marea,attiva,2019-09-23,2019,9,45.749116666666666,13.655783333333334,0.0,0.11,10.0,ONO,0.14,1.4,4.0,0.43,71.14,8.14,ASSENTE,37.55,20.49,18.0,407.0,40.0,165037.0,20800.0,15777.0,4680.0,1370.0,40.0
Canovella de' Zoppoli - Duino-Aurisina,Pozza di marea,attiva,2020-06-22,2020,6,45.749116666666666,13.655783333333334,0.0,0.71,2.0,O,0.01,1.4,2.56,0.01,,8.11,ASSENTE,30.62,25.17,24.0,0.0,0.0,76.0,0.0,0.0,0.0,648.0,0.0
Canovella de' Zoppoli - Duino-Aurisina,Pozza di marea,attiva,2020-07-06,2020,7,45.749116666666666,13.655783333333334,0.0,0.56,3.0,SO,0.05,2.8,4.29,0.07,89.08,8.12,ASSENTE,32.73,25.54,28.0,610.0,400.0,44.0,0.0,0.0,0.0,698.0,0.0
Canovella de' Zoppoli - Duino-Aurisina,Pozza di marea,attiva,2020-07-20,2020,7,45.749116666666666,13.655783333333334,0.0,1.07,0.0,NO,0.1,2.2,9.47,0.13,107.59,8.17,ASSENTE,32.53,23.86,24.0,1225.0,0.0,156.0,0.0,0.0,0.0,1955.0,0.0
Canovella de' Zoppoli - Duino-Aurisina,Pozza di marea,attiva,2020-08-03,2020,8,45.749116666666666,13.655783333333334,0.0,1.79,10.0,ONO,1.59,3.6,5.45,0.16,87.72,8.13,ASSENTE,36.24,25.62,26.0,886.0,240.0,166.0,0.0,0.0,0.0,1218.0,560.0
Canovella de' Zoppoli - Duino-Aurisina,Pozza di marea,attiva,2020-08-24,2020,8,45.749116666666666,13.655783333333334,0.0,0.31,6.0,ENE,0.11,9.4,1.41,0.09,106.37,8.13,ASSENTE,36.12,25.9,26.0,0.0,0.0,494.0,0.0,5271.0,920.0,439.0,0.0
Canovella de' Zoppoli - Duino-Aurisina,Pozza di marea,attiva,2020-09-07,2020,9,45.749116666666666,13.655783333333334,0.0,0.66,6.0,ENE,0.21,10.0,0.1,0.17,130.64,8.28,ASSENTE,35.59,25.59,25.0,0.0,0.0,10065.0,1320.0,97763.0,13600.0,558.0,0.0
Canovella de' Zoppoli - Duino-Aurisina,Pozza di marea,attiva,2020-09-14,2020,9,45.749116666666666,13.655783333333334,0.0,,0.0,E,,5.8,,,95.8,8.1,ASSENTE,36.82,23.84,28.0,0.0,0.0,5095.0,800.0,58829.0,30720.0,1994.0,0.0
Canovella de' Zoppoli - Duino-Aurisina,Pozza di marea,attiva,2020-09-21,2020,9,45.749116666666666,13.655783333333334,0.0,0.37,9.0,NNO,0.11,1.4,0.1,0.1,96.58,7.99,ASSENTE,37.76,21.8,23.0,225.0,0.0,675.0,80.0,4013.0,1040.0,75.0,0.0
Canovella de' Zoppoli - Duino-Aurisina,Pozza di marea,attiva,2021-06-21,2021,6,45.749116666666666,13.655783333333334,0.0,1.12,0.0,NNO,0.01,1.4,3.43,0.1,95.98,8.36,ASSENTE,31.38,27.11,28.0,82.0,0.0,0.0,0.0,0.0,0.0,27.0,0.0
Canovella de' Zoppoli - Duino-Aurisina,Pozza di marea,attiva,2021-07-05,2021,7,45.749116666666666,13.655783333333334,0.0,1.7,5.0,NNW,0.09,3.3,6.24,0.2,102.54,8.35,ASSENTE,31.26,28.7,26.0,0.0,40.0,744.0,40.0,0.0,0.0,60.0,0.0
Canovella de' Zoppoli - Duino-Aurisina,Pozza di marea,attiva,2021-07-19,2021,7,45.749116666666666,13.655783333333334,0.0,0.01,4.0,N,0.07,4.2,3.48,0.27,99.24,8.04,ASSENTE,33.29,25.93,29.0,0.0,0.0,2640.0,120.0,0.0,0.0,189.0,0.0
Canovella de' Zoppoli - Duino-Aurisina,Pozza di marea,attiva,2021-08-02,2021,8,45.749116666666666,13.655783333333334,0.0,0.19,5.0,E,0.32,5.0,2.48,0.14,104.09,8.08,ASSENTE,34.81,26.86,26.0,49.0,40.0,341.0,0.0,0.0,0.0,390.0,0.0
Canovella de' Zoppoli - Duino-Aurisina,Pozza di marea,attiva,2021-08-23,2021,8,45.749116666666666,13.655783333333334,0.0,1.47,10.0,ENE,0.3,17.22,5.41,0.25,74.2,,ASSENTE,35.51,23.84,20.0,259.0,120.0,776.0,0.0,0.0,0.0,0.0,0.0
Canovella de' Zoppoli - Duino-Aurisina,Pozza di marea,attiva,2021-09-06,2021,9,45.749116666666666,13.655783333333334,0.0,1.27,2.0,E,0.23,4.1,8.48,0.2,106.35,,ASSENTE,35.1,23.1,27.0,44554.0,2040.0,4019.0,0.0,2737.0,0.0,2822.0,0.0
Canovella de' Zoppoli - Duino-Aurisina,Pozza di marea,attiva,2021-09-20,2021,9,45.749116666666666,13.655783333333334,0.0,0.99,9.0,ESE,0.32,5.8,3.46,0.12,93.54,,ASSENTE,36.24,21.26,19.0,1636.0,0.0,26169.0,160.0,25760.0,640.0,14311.0,40.0
Canovella de' Zoppoli - Duino-Aurisina,Pozza di marea,attiva,2022-06-20,2022,6,45.749116666666666,13.655783333333334,0.0,1.05,0.0,NO,0.36,3.1,4.14,0.16,122.59,8.26,ASSENTE,37.25,25.2,24.0,1438.0,0.0,822.0,0.0,0.0,0.0,308.0,0.0
Canovella de' Zoppoli - Duino-Aurisina,Pozza di marea,attiva,2022-07-25,2022,7,45.749116666666666,13.655783333333334,0.0,1.68,0.0,ENE,0.13,4.2,4.53,0.17,101.43,8.11,ASSENTE,37.54,25.9,31.0,1447.0,0.0,1757.0,0.0,0.0,0.0,965.0,0.0
Canovella de' Zoppoli - Duino-Aurisina,Pozza di marea,attiva,2022-08-08,2022,8,45.749116666666666,13.655783333333334,0.0,1.04,3.0,ENE,0.12,8.3,2.14,0.09,109.51,8.31,ASSENTE,37.54,25.72,27.0,848.0,160.0,7473.0,0.0,11701.0,320.0,890.0,40.0
Canovella de' Zoppoli - Duino-Aurisina,Pozza di marea,attiva,2022-08-22,2022,8,45.749116666666666,13.655783333333334,0.0,0.54,3.0,WNW,0.06,1.0,1.26,,,,ASSENTE,,24.1,24.0,2897.0,0.0,8836.0,1360.0,65183.0,7560.0,579.0,0.0
Canovella de' Zoppoli - Duino-Aurisina,Pozza di marea,attiva,2022-08-29,2022,8,45.749116666666666,13.655783333333334,0.0,1.37,4.0,E,0.2,4.4,1.01,0.1,,8.12,ASSENTE,37.98,24.94,25.0,1600.0,0.0,3200.0,80.0,25571.0,2320.0,0.0,120.0
Canovella de' Zoppoli - Duino-Aurisina,Pozza di marea,attiva,2022-09-05,2022,9,45.749116666666666,13.655783333333334,0.0,0.97,4.0,WNW,0.13,2.5,1.78,0.38,146.05,8.29,ASSENTE,36.54,25.39,24.0,0.0,1680.0,15563.0,160.0,114486.0,6960.0,0.0,0.0
Canovella de' Zoppoli - Duino-Aurisina,Pozza di marea,attiva,2022-09-19,2022,9,45.749116666666666,13.655783333333334,0.0,,2.0,S,,2.2,,,95.95,8.14,ASSENTE,36.47,22.26,20.0,0.0,0.0,6960.0,0.0,42920.0,1320.0,0.0,0.0
Canovella de' Zoppoli - Duino-Aurisina,Pozza di marea,attiva,2023-06-19,2023,6,45.749116666666666,13.655783333333334,0.0,2.06,4.0,NW,0.08,1.4,2.79,0.29,101.46,8.03,ASSENTE,37.41,22.8,22.0,0.0,0.0,0.0,0.0,0.0,0.0,0.0,0.0
Canovella de' Zoppoli - Duino-Aurisina,Pozza di marea,attiva,2023-07-24,2023,7,45.749116666666666,13.655783333333334,0.0,0.97,8.0,NW,0.13,2.8,2.52,0.18,124.4,8.14,ASSENTE,36.82,26.85,27.0,81.0,0.0,356.0,0.0,0.0,0.0,2057.0,320.0
Canovella de' Zoppoli - Duino-Aurisina,Pozza di marea,attiva,2023-08-07,2023,8,45.749116666666666,13.655783333333334,0.0,2.26,1.0,NW,0.14,2.2,2.56,0.34,101.51,8.12,ASSENTE,35.97,25.06,22.0,9.0,160.0,230.0,40.0,0.0,0.0,158.0,120.0
Canovella de' Zoppoli - Duino-Aurisina,Pozza di marea,attiva,2023-08-21,2023,8,45.749116666666666,13.655783333333334,0.0,1.99,0.0,ENE,0.2,4.7,2.23,0.18,89.11,8.1,ASSENTE,36.78,26.84,31.0,667.0,0.0,5732.0,5520.0,55057.0,51960.0,1200.0,0.0
Canovella de' Zoppoli - Duino-Aurisina,Pozza di marea,attiva,2023-08-24,2023,8,45.749116666666666,13.655783333333334,,,,,,,,,,,,,,,,,,,,47080.0,,
Canovella de' Zoppoli - Duino-Aurisina,Pozza di marea,attiva,2023-08-27,2023,8,45.749116666666666,13.655783333333334,,,,,,,,,,,,,,,,,,,,1680.0,,
Canovella de' Zoppoli - Duino-Aurisina,Pozza di marea,attiva,2023-09-04,2023,9,45.749116666666666,13.655783333333334,0.0,0.88,3.0,ENE,0.07,10.0,3.17,0.29,106.47,7.93,ASSENTE,34.91,24.07,25.0,268.0,320.0,453.0,80.0,3505.0,1640.0,0.0,0.0
Canovella de' Zoppoli - Duino-Aurisina,Pozza di marea,attiva,2023-09-18,2023,9,45.749116666666666,13.655783333333334,0.0,1.33,10.0,S,0.09,1.1,0.98,0.27,94.34,8.08,ASSENTE,37.5,23.69,24.0,3274.0,0.0,715.0,280.0,5228.0,440.0,688.0,0.0
Canovella de' Zoppoli - Duino-Aurisina,Pozza di marea,attiva,2024-06-24,2024,6,45.749116666666666,13.655783333333334,0.0,1.5,7.0,ENE,,16.7,3.5,0.17,90.94,8.34,ASSENTE,31.23,23.89,24.0,0.0,0.0,76.0,0.0,0.0,0.0,33.0,0.0
Canovella de' Zoppoli - Duino-Aurisina,Pozza di marea,attiva,2024-07-22,2024,7,45.749116666666666,13.655783333333334,0.0,1.14,4.0,WSW,,1.0,,0.08,102.38,8.33,ASSENTE,34.61,26.31,26.0,0.0,0.0,188.0,0.0,0.0,0.0,362.0,0.0
Canovella de' Zoppoli - Duino-Aurisina,Pozza di marea,attiva,2024-08-05,2024,8,45.749116666666666,13.655783333333334,0.0,2.57,6.0,NW,,1.6,3.64,0.25,84.6,8.25,ASSENTE,36.88,26.54,28.0,346.0,0.0,1262.0,120.0,0.0,0.0,668.0,0.0
Canovella de' Zoppoli - Duino-Aurisina,Pozza di marea,attiva,2024-08-19,2024,8,45.749116666666666,13.655783333333334,0.0,4.07,10.0,ENE,,0.6,5.43,0.16,83.51,8.28,ASSENTE,35.67,28.46,25.2,507.0,0.0,574.0,0.0,169.0,0.0,118.0,0.0
Canovella de' Zoppoli - Duino-Aurisina,Pozza di marea,attiva,2024-09-02,2024,9,45.749116666666666,13.655783333333334,0.0,0.57,5.0,WNW,,2.5,,,82.57,8.34,ASSENTE,35.39,27.99,29.0,478.0,0.0,1837.0,0.0,403619.0,640.0,421.0,40.0
Canovella de' Zoppoli - Duino-Aurisina,Pozza di marea,attiva,2024-09-16,2024,9,45.749116666666666,13.655783333333334,0.0,2.21,8.0,SW,1.9,1.4,3.36,0.1,91.56,8.38,ASSENTE,34.39,22.6,18.9,0.0,0.0,0.0,0.0,319.0,480.0,0.0,0.0
Duino - Aurisina,Diga porto di Duino,dismessa,2009-06-04,2009,6,45.77333333333333,13.598466666666669,0.0,2.04,4.0,SSE,0.09,3.5,3.2,0.07,100.1,,ASSENTE,35.67,18.62,25.0,,,,,,,,
Duino - Aurisina,Diga porto di Duino,dismessa,2009-06-06,2009,6,45.77333333333333,13.598466666666669,,,,,,,,,,,,,,,,,180.0,,0.0,,1350.0,
Duino - Aurisina,Diga porto di Duino,dismessa,2009-06-25,2009,6,45.77333333333333,13.598466666666669,0.0,3.37,7.0,ASSENTE,0.18,0.0,30.13,0.23,106.65,,ASSENTE,32.83,21.77,21.0,,,332.0,,0.0,0.0,44.0,
Duino - Aurisina,Diga porto di Duino,dismessa,2009-07-03,2009,7,45.77333333333333,13.598466666666669,0.0,1.21,10.0,ASSENTE,0.16,0.0,12.83,0.2,96.75,,ASSENTE,31.85,23.34,25.2,,,1639.0,,22.0,0.0,0.0,
Duino - Aurisina,Diga porto di Duino,dismessa,2009-07-28,2009,7,45.77333333333333,13.598466666666669,0.0,6.0,0.0,ASSENTE,0.09,0.0,11.4,0.14,106.9,,ASSENTE,30.46,26.31,29.0,,,462.0,,0.0,,252.0,
Duino - Aurisina,Diga porto di Duino,dismessa,2009-08-11,2009,8,45.77333333333333,13.598466666666669,0.0,1.2,1.0,ASSENTE,0.25,0.0,11.28,0.17,104.95,,ASSENTE,32.66,25.36,23.0,,,278.0,,0.0,,0.0,
Duino - Aurisina,Diga porto di Duino,dismessa,2009-08-25,2009,8,45.77333333333333,13.598466666666669,0.0,0.9,0.0,ONO,0.15,4.0,2.93,0.16,112.95,,ASSENTE,30.01,25.12,28.8,,,33.0,,167.0,,0.0,
Duino - Aurisina,Diga porto di Duino,dismessa,2020-09-14,2020,9,45.77333333333333,13.598466666666669,,,,,,,,,,,,,,,0.0,0.0,893.0,0.0,26417.0,40.0,0.0,0.0
Filtri - Duino-Aurisina,Diga porticciolo,dismessa,2010-05-27,2010,5,45.74101666666667,13.668983333333331,0.0,3.96,0.0,O,0.19,0.5,21.11,0.31,110.0,8.06,ASSENTE,24.2,21.88,26.8,0.0,0.0,212.0,0.0,0.0,0.0,0.0,71.0
Filtri - Duino-Aurisina,Diga porticciolo,dismessa,2010-06-29,2010,6,45.74101666666667,13.668983333333331,0.0,,1.0,ASSENTE,,0.0,,,118.4,8.2,ASSENTE,27.1,24.45,28.8,0.0,0.0,85.0,0.0,0.0,0.0,170.0,0.0
Filtri - Duino-Aurisina,Diga porticciolo,dismessa,2010-07-21,2010,7,45.74101666666667,13.668983333333331,0.0,1.26,0.0,ASSENTE,0.01,0.0,2.01,0.15,108.7,8.1,ASSENTE,36.5,19.74,27.2,0.0,0.0,0.0,105.0,0.0,0.0,53.0,240.0
Filtri - Duino-Aurisina,Diga porticciolo,dismessa,2010-08-18,2010,8,45.74101666666667,13.668983333333331,0.0,0.81,9.0,ASSENTE,0.01,0.0,2.03,0.07,70.0,8.16,ASSENTE,33.7,24.06,28.0,0.0,0.0,84.0,0.0,0.0,0.0,0.0,0.0
Filtri - Duino-Aurisina,Diga porticciolo,dismessa,2010-09-15,2010,9,45.74101666666667,13.668983333333331,0.0,0.99,3.0,ASSENTE,0.01,0.0,3.4,0.08,81.5,8.3,ASSENTE,32.4,20.95,23.2,0.0,0.0,1094.0,0.0,122.0,0.0,547.0,0.0
Filtri - Duino-Aurisina,Diga porticciolo,dismessa,2011-05-17,2011,5,45.74101666666667,13.668983333333331,0.0,1.2,10.0,O,0.03,2.0,1.0,0.07,93.8,8.15,ASSENTE,36.49,14.91,16.0,0.0,0.0,0.0,0.0,0.0,0.0,0.0,0.0
Filtri - Duino-Aurisina,Diga porticciolo,dismessa,2011-06-17,2011,6,45.74101666666667,13.668983333333331,0.0,1.03,3.0,ASSENTE,0.01,0.0,3.14,0.05,99.4,8.18,ASSENTE,34.21,22.84,28.0,0.0,0.0,1920.0,0.0,0.0,0.0,0.0,0.0
Filtri - Duino-Aurisina,Diga porticciolo,dismessa,2011-07-13,2011,7,45.74101666666667,13.668983333333331,0.0,1.22,1.0,ASSENTE,0.08,0.0,5.06,0.15,96.0,8.18,ASSENTE,34.89,25.21,28.6,0.0,0.0,116.0,800.0,0.0,0.0,212.0,400.0
Filtri - Duino-Aurisina,Diga porticciolo,dismessa,2011-08-11,2011,8,45.74101666666667,13.668983333333331,0.0,1.91,1.0,ASSENTE,0.07,0.0,3.09,0.17,93.9,8.15,ASSENTE,35.0,24.04,30.7,0.0,0.0,4684.0,0.0,0.0,0.0,1977.0,0.0
Filtri - Duino-Aurisina,Diga porticciolo,dismessa,2011-09-15,2011,9,45.74101666666667,13.668983333333331,0.0,0.85,0.0,SE,0.01,3.5,0.19,0.05,102.3,8.15,ASSENTE,35.97,24.89,28.7,0.0,0.0,1484.0,0.0,976.0,0.0,234.0,0.0
Grado,Spiaggia - Lido del Carabiniere,dismessa,2010-05-26,2010,5,45.6865,13.4451,0.0,2.34,7.0,S,0.04,7.4,5.27,0.29,108.0,8.06,ASSENTE,30.6,24.2,24.8,365.0,0.0,0.0,0.0,0.0,0.0,0.0,73.0
Grado,Spiaggia - Lido del Carabiniere,dismessa,2010-06-30,2010,6,45.6865,13.4451,0.0,2.35,1.0,SO,0.03,5.0,8.17,0.34,143.0,8.43,ASSENTE,26.7,29.7,33.0,0.0,0.0,59.0,0.0,0.0,0.0,0.0,0.0
Grado,Spiaggia - Lido del Carabiniere,dismessa,2010-07-22,2010,7,45.6865,13.4451,0.0,1.33,0.0,SSO,0.01,2.1,6.77,0.31,147.0,8.5,ASSENTE,30.5,33.09,30.2,0.0,0.0,0.0,0.0,0.0,0.0,35.0,0.0
Grado,Spiaggia - Lido del Carabiniere,dismessa,2010-08-19,2010,8,45.6865,13.4451,0.0,1.14,3.0,S,0.01,6.0,0.6,0.11,110.1,8.32,ASSENTE,30.4,28.42,26.8,443.0,0.0,0.0,0.0,0.0,0.0,0.0,0.0
Grado,Spiaggia - Lido del Carabiniere,dismessa,2010-09-16,2010,9,45.6865,13.4451,0.5,1.08,8.0,SO,0.03,5.8,0.45,0.22,88.6,8.3,SSE,24.0,22.6,23.8,0.0,0.0,0.0,0.0,0.0,0.0,52.0,0.0
Grado,Spiaggia - Lido del Carabiniere,dismessa,2011-05-19,2010,5,45.6865,13.4451,,,,,,,,,,,,,,,0.0,0.0,0.0,0.0,0.0,0.0,0.0,0.0
Grado,Spiaggia - Lido del Carabiniere,dismessa,2011-05-19,2011,5,45.6865,13.4451,0.0,3.55,2.0,SSO,0.02,5.5,6.09,0.28,99.8,8.16,ASSENTE,30.93,24.78,24.8,,,,,,,,
Grado,Spiaggia - Lido del Carabiniere,dismessa,2011-06-14,2010,6,45.6865,13.4451,,,,,,,,,,,,,,,0.0,0.0,184.0,0.0,0.0,0.0,0.0,0.0
Grado,Spiaggia - Lido del Carabiniere,dismessa,2011-06-14,2011,6,45.6865,13.4451,0.0,0.69,5.0,SE,0.01,4.5,0.56,0.16,99.2,8.11,ASSENTE,30.27,24.72,27.2,,,,,,,,
Grado,Spiaggia - Lido del Carabiniere,dismessa,2011-07-14,2010,7,45.6865,13.4451,,,,,,,,,,,,,,,0.0,0.0,2587.0,0.0,0.0,0.0,370.0,0.0
Grado,Spiaggia - Lido del Carabiniere,dismessa,2011-07-14,2011,7,45.6865,13.4451,0.0,0.68,3.0,S,0.01,3.0,0.44,0.12,95.2,8.21,ASSENTE,32.32,29.47,30.2,,,,,,,,
Grado,Spiaggia - Lido del Carabiniere,dismessa,2011-08-10,2010,8,45.6865,13.4451,,,,,,,,,,,,,,,0.0,0.0,0.0,0.0,0.0,0.0,0.0,0.0
Grado,Spiaggia - Lido del Carabiniere,dismessa,2011-08-10,2011,8,45.6865,13.4451,0.0,1.71,1.0,E,0.01,5.0,3.05,0.25,94.2,7.78,ASSENTE,29.54,23.38,30.5,,,,,,,,
Grado,Spiaggia - Lido del Carabiniere,dismessa,2011-09-13,2010,9,45.6865,13.4451,,,,,,,,,,,,,,,25755.0,18000.0,48.0,24640.0,0.0,240.0,266.0,440.0
Grado,Spiaggia - Lido del Carabiniere,dismessa,2011-09-13,2011,9,45.6865,13.4451,0.0,1.12,0.0,ASSENTE,0.05,0.0,0.61,0.15,87.9,8.09,ASSENTE,34.34,26.34,32.2,,,,,,,,
Grado - Morgo,Spiaggia,dismessa,2009-06-03,2009,6,45.69801666666667,13.32265,0.0,3.04,6.0,S,0.09,6.5,27.54,0.64,99.05,,ASSENTE,29.01,24.47,19.5,,,,,,,,
Grado - Morgo,Spiaggia,dismessa,2009-06-06,2009,6,45.69801666666667,13.32265,,,,,,,,,,,,,,,,,1500.0,,0.0,,0.0,
Grado - Morgo,Spiaggia,dismessa,2009-06-25,2009,6,45.69801666666667,13.32265,0.0,2.65,7.0,SSE,0.05,4.0,28.57,0.7,117.4,,ASSENTE,27.84,22.4,23.2,,,775.0,,55.0,0.0,55.0,
Grado - Morgo,Spiaggia,dismessa,2009-07-03,2009,7,45.69801666666667,13.32265,0.0,2.42,2.0,OSO,0.13,4.0,32.84,0.83,100.1,,ASSENTE,27.01,27.52,30.8,,,,,,,,
Grado - Morgo,Spiaggia,dismessa,2009-07-28,2009,7,45.69801666666667,13.32265,0.0,1.48,0.0,E,0.01,1.0,18.59,0.51,109.5,,ASSENTE,30.87,26.21,29.0,,,,,,,,
Grado - Morgo,Spiaggia,dismessa,2009-08-11,2009,8,45.69801666666667,13.32265,0.0,3.8,1.0,SSO,0.07,4.0,18.87,0.4,93.0,,ASSENTE,30.49,28.28,28.0,,,,,,,,
Grado - Morgo,Spiaggia,dismessa,2009-08-25,2009,8,45.69801666666667,13.32265,0.0,2.8,0.0,NNE,0.09,5.0,12.99,0.47,105.6,,ASSENTE,32.37,25.18,26.0,,,,,,,,
Grignano - Trieste,Diga porto,dismessa,2009-06-04,2009,6,45.7051,13.710883333333332,0.0,1.37,10.0,E,0.07,11.0,1.32,0.04,110.5,,ASSENTE,36.81,18.34,25.4,,,,,,,,
Grignano - Trieste,Diga porto,dismessa,2009-06-06,2009,6,45.7051,13.710883333333332,,,,,,,,,,,,,,,,,60.0,,0.0,,224.0,
Grignano - Trieste,Diga porto,dismessa,2009-06-25,2009,6,45.7051,13.710883333333332,0.0,1.7,7.0,ASSENTE,0.01,0.0,5.26,0.1,108.65,,ASSENTE,33.99,21.88,23.8,,,2515.0,,0.0,0.0,786.0,
Grignano - Trieste,Diga porto,dismessa,2009-07-03,2009,7,45.7051,13.710883333333332,0.0,0.74,7.0,ASSENTE,0.01,0.0,6.77,0.17,99.5,,ASSENTE,32.95,23.3,25.0,,,1136.0,,0.0,0.0,142.0,
Grignano - Trieste,Diga porto,dismessa,2009-07-28,2009,7,45.7051,13.710883333333332,0.0,0.79,2.0,ASSENTE,0.1,0.0,2.74,0.12,117.9,,ASSENTE,35.46,25.7,30.0,,,593.0,,85.0,,339.0,
Grignano - Trieste,Diga porto,dismessa,2009-08-11,2009,8,45.7051,13.710883333333332,0.0,0.5,3.0,ASSENTE,0.09,0.0,2.47,0.08,89.5,,ASSENTE,35.01,25.36,24.4,,,274.0,,0.0,,91.0,
Grignano - Trieste,Diga porto,dismessa,2009-08-25,2009,8,45.7051,13.710883333333332,0.0,2.3,0.0,ONO,0.06,4.0,34.82,0.27,112.25,,ASSENTE,36.86,23.75,28.0,,,109.0,,763.0,,218.0,
Grignano - Trieste,Diga porto,dismessa,2020-09-14,2020,9,45.7051,13.710883333333332,,,,,,,,,,,,,,,0.0,0.0,0.0,0.0,37462.0,160.0,0.0,0.0
Lignano Sabbiadoro,Spiaggia,dismessa,2009-07-03,2009,7,45.66175,13.10955,,,,,,,,,,,,,,,,,0.0,,0.0,0.0,0.0,
Lignano Sabbiadoro,Spiaggia,dismessa,2009-07-28,2009,7,45.66175,13.10955,,,,,,,,,,,,,,,,,0.0,,0.0,,0.0,
Lignano Sabbiadoro,Spiaggia,dismessa,2009-08-11,2009,8,45.66175,13.10955,,,,,,,,,,,,,,,,,0.0,,0.0,,0.0,
Lignano Sabbiadoro,Spiaggia,dismessa,2009-08-25,2009,8,45.66175,13.10955,,,,,,,,,,,,,,,,,0.0,,0.0,,0.0,
Lignano Sabbiadoro,Spiaggia,dismessa,2010-05-26,2010,5,45.66175,13.10955,,,,,,,,,,,,,,,0.0,0.0,0.0,0.0,0.0,0.0,0.0,0.0
Lignano Sabbiadoro,Spiaggia,dismessa,2010-05-31,2010,5,45.66175,13.10955,0.5,3.32,10.0,ESE,0.02,10.0,21.53,0.48,92.8,,ESE,26.9,20.43,18.8,,,,,,,,
Lignano Sabbiadoro,Spiaggia,dismessa,2010-06-30,2010,6,45.66175,13.10955,0.0,2.03,2.0,ENE,0.1,1.9,22.0,0.51,104.4,8.21,ASSENTE,27.9,26.11,29.2,0.0,0.0,1019.0,0.0,0.0,0.0,0.0,0.0
Lignano Sabbiadoro,Spiaggia,dismessa,2010-08-19,2010,8,45.66175,13.10955,0.0,1.55,2.0,SSE,0.01,2.5,12.52,0.24,80.7,8.11,ASSENTE,27.1,24.84,22.0,0.0,0.0,0.0,0.0,0.0,0.0,0.0,0.0
Lignano Sabbiadoro,Spiaggia,dismessa,2010-09-16,2010,9,45.66175,13.10955,0.0,3.1,8.0,SSE,0.01,4.5,12.63,0.31,89.6,,ASSENTE,27.9,21.93,25.0,0.0,0.0,0.0,0.0,0.0,0.0,0.0,0.0
Lignano Sabbiadoro,Spiaggia,dismessa,2011-05-19,2010,5,45.66175,13.10955,,,,,,,,,,,,,,,0.0,0.0,0.0,0.0,0.0,0.0,0.0,0.0
Lignano Sabbiadoro,Spiaggia,dismessa,2011-05-19,2011,5,45.66175,13.10955,0.0,2.41,0.0,SE,0.01,2.8,35.4,0.8,100.5,8.1,ASSENTE,28.18,20.64,22.4,,,,,,,,
Lignano Sabbiadoro,Spiaggia,dismessa,2011-06-14,2010,6,45.66175,13.10955,,,,,,,,,,,,,,,0.0,0.0,0.0,0.0,0.0,0.0,0.0,0.0
Lignano Sabbiadoro,Spiaggia,dismessa,2011-06-14,2011,6,45.66175,13.10955,0.0,2.78,2.0,SSE,0.1,1.3,25.93,0.83,95.7,8.12,ASSENTE,29.76,25.63,28.0,,,,,,,,
Lignano Sabbiadoro,Spiaggia,dismessa,2011-07-14,2010,7,45.66175,13.10955,,,,,,,,,,,,,,,0.0,0.0,0.0,0.0,0.0,0.0,0.0,0.0
Lignano Sabbiadoro,Spiaggia,dismessa,2011-07-14,2011,7,45.66175,13.10955,0.0,1.88,2.0,SSE,0.03,4.0,5.57,0.21,105.4,,ASSENTE,33.09,28.61,30.0,,,,,,,,
Lignano Sabbiadoro,Spiaggia,dismessa,2011-08-10,2010,8,45.66175,13.10955,,,,,,,,,,,,,,,0.0,0.0,0.0,0.0,0.0,0.0,0.0,0.0
Lignano Sabbiadoro,Spiaggia,dismessa,2011-08-10,2011,8,45.66175,13.10955,0.0,3.38,1.0,SSE,0.01,1.3,17.13,0.74,94.1,8.18,ASSENTE,29.83,25.91,27.5,,,,,,,,
Lignano Sabbiadoro,Spiaggia,dismessa,2011-09-13,2010,9,45.66175,13.10955,,,,,,,,,,,,,,,0.0,0.0,0.0,80.0,0.0,0.0,0.0,0.0
Lignano Sabbiadoro,Spiaggia,dismessa,2011-09-13,2011,9,45.66175,13.10955,0.0,3.61,1.0,SE,0.03,4.0,15.36,0.63,116.1,8.16,ASSENTE,30.89,26.86,32.0,,,,,,,,
Marina Nova - Monfalcone,Spiaggia Camping - Isola Panzano Lido,dismessa,2010-05-26,2010,5,45.78403333333333,13.545166666666669,0.0,1.37,4.0,S,0.02,5.6,50.29,0.57,116.8,7.98,ASSENTE,16.8,19.85,20.8,0.0,0.0,0.0,0.0,0.0,0.0,0.0,0.0
Marina Nova - Monfalcone,Spiaggia Camping - Isola Panzano Lido,dismessa,2010-06-29,2010,6,45.78403333333333,13.545166666666669,0.0,2.17,3.0,OSO,0.12,4.0,17.25,0.37,188.0,8.45,ASSENTE,26.1,26.86,31.6,0.0,0.0,0.0,0.0,0.0,0.0,0.0,0.0
Marina Nova - Monfalcone,Spiaggia Camping - Isola Panzano Lido,dismessa,2010-07-21,2010,7,45.78403333333333,13.545166666666669,0.0,1.98,1.0,SE,0.01,2.8,37.9,1.15,169.3,8.47,ASSENTE,19.6,27.49,33.0,0.0,0.0,0.0,0.0,0.0,0.0,97.0,280.0
Marina Nova - Monfalcone,Spiaggia Camping - Isola Panzano Lido,dismessa,2010-08-18,2010,8,45.78403333333333,13.545166666666669,0.0,0.75,2.0,SSE,0.01,5.0,41.62,0.48,138.5,8.32,ASSENTE,18.6,24.72,25.9,0.0,0.0,0.0,0.0,0.0,0.0,16.0,0.0
Marina Nova - Monfalcone,Spiaggia Camping - Isola Panzano Lido,dismessa,2011-05-17,2010,5,45.78403333333333,13.545166666666669,,,,,,,,,,,,,,,0.0,0.0,0.0,0.0,0.0,0.0,0.0,0.0
Marina Nova - Monfalcone,Spiaggia Camping - Isola Panzano Lido,dismessa,2011-05-17,2011,5,45.78403333333333,13.545166666666669,0.0,2.02,3.0,SO,0.02,2.1,18.06,0.26,127.1,8.16,ASSENTE,27.93,19.72,27.0,,,,,,,,
Marina Nova - Monfalcone,Spiaggia Camping - Isola Panzano Lido,dismessa,2011-06-17,2010,6,45.78403333333333,13.545166666666669,,,,,,,,,,,,,,,0.0,0.0,32.0,0.0,0.0,0.0,32.0,0.0
Marina Nova - Monfalcone,Spiaggia Camping - Isola Panzano Lido,dismessa,2011-06-17,2011,6,45.78403333333333,13.545166666666669,0.0,1.46,9.0,ASSENTE,0.01,0.0,37.46,0.36,132.8,8.23,ASSENTE,23.43,24.55,24.5,,,,,,,,
Marina Nova - Monfalcone,Spiaggia Camping - Isola Panzano Lido,dismessa,2011-07-13,2010,7,45.78403333333333,13.545166666666669,,,,,,,,,,,,,,,0.0,0.0,358.0,400.0,0.0,0.0,179.0,0.0
Marina Nova - Monfalcone,Spiaggia Camping - Isola Panzano Lido,dismessa,2011-07-13,2011,7,45.78403333333333,13.545166666666669,0.0,2.99,5.0,SSO,0.02,1.6,44.76,0.59,142.6,8.18,ASSENTE,21.64,29.62,32.5,,,,,,,,
Marina Nova - Monfalcone,Spiaggia Camping - Isola Panzano Lido,dismessa,2011-08-11,2010,8,45.78403333333333,13.545166666666669,,,,,,,,,,,,,,,0.0,0.0,0.0,0.0,0.0,0.0,0.0,0.0
Marina Nova - Monfalcone,Spiaggia Camping - Isola Panzano Lido,dismessa,2011-08-11,2011,8,45.78403333333333,13.545166666666669,0.0,2.19,1.0,S,0.01,1.6,10.99,0.41,104.5,7.99,ASSENTE,29.47,23.53,22.9,,,,,,,,
Marina Nova - Monfalcone,Spiaggia Camping - Isola Panzano Lido,dismessa,2011-09-15,2010,9,45.78403333333333,13.545166666666669,,,,,,,,,,,,,,,0.0,0.0,0.0,0.0,0.0,0.0,0.0,1600.0
Marina Nova - Monfalcone,Spiaggia Camping - Isola Panzano Lido,dismessa,2011-09-15,2011,9,45.78403333333333,13.545166666666669,0.5,1.29,0.0,ESE,0.01,10.0,9.79,0.35,113.4,8.19,ESE,28.83,23.81,25.9,,,,,,,,
Punta Sottile - Muggia,Terrazza mare,attiva,2009-06-04,2009,6,45.60555,13.72195,0.0,1.09,10.0,E,0.01,5.0,1.31,0.05,110.5,,ASSENTE,36.6,19.06,24.8,,,,,,,,
Punta Sottile - Muggia,Terrazza mare,attiva,2009-06-06,2009,6,45.60555,13.72195,,,,,,,,,,,,,,,,,46.0,,0.0,,551.0,
Punta Sottile - Muggia,Terrazza mare,attiva,2009-06-25,2009,6,45.60555,13.72195,0.0,2.15,8.0,ONO,0.01,3.0,4.29,0.16,115.55,,ASSENTE,34.46,21.81,23.0,,,0.0,,0.0,0.0,426.0,
Punta Sottile - Muggia,Terrazza mare,attiva,2009-07-03,2009,7,45.60555,13.72195,0.0,1.02,2.0,ONO,0.07,2.0,3.52,0.2,108.5,,ASSENTE,35.18,22.2,27.0,,,923.0,,0.0,0.0,692.0,
Punta Sottile - Muggia,Terrazza mare,attiva,2009-07-28,2009,7,45.60555,13.72195,0.0,0.69,1.0,NO,0.05,3.0,1.12,0.1,116.3,,ASSENTE,35.28,26.26,28.2,,,460.0,,0.0,,153.0,
Punta Sottile - Muggia,Terrazza mare,attiva,2009-08-11,2009,8,45.60555,13.72195,0.0,1.0,8.0,ASSENTE,0.06,0.0,1.19,0.09,94.6,,ASSENTE,35.58,26.0,25.2,,,271.0,,54.0,,163.0,
Punta Sottile - Muggia,Terrazza mare,attiva,2009-08-25,2009,8,45.60555,13.72195,0.0,0.1,0.0,ONO,0.09,5.0,0.67,0.05,106.4,,ASSENTE,37.24,23.19,26.2,,,123.0,,31.0,,277.0,
Punta Sottile - Muggia,Terrazza mare,attiva,2010-06-28,2010,6,45.60555,13.72195,0.0,5.08,1.0,O,0.07,3.6,7.02,0.23,120.5,8.26,ASSENTE,31.0,25.68,29.2,0.0,0.0,0.0,0.0,0.0,0.0,72.0,0.0
Punta Sottile - Muggia,Terrazza mare,attiva,2010-07-20,2010,7,45.60555,13.72195,0.0,2.15,3.0,NNO,0.03,2.8,1.35,0.12,106.1,8.03,ASSENTE,36.8,18.8,28.8,0.0,0.0,245.0,0.0,82.0,0.0,245.0,80.0
Punta Sottile - Muggia,Terrazza mare,attiva,2010-08-17,2010,8,45.60555,13.72195,0.0,0.78,4.0,ONO,0.01,4.5,0.46,0.02,96.1,8.25,ASSENTE,34.5,24.58,28.2,0.0,0.0,530.0,0.0,114.0,0.0,226.0,0.0
Punta Sottile - Muggia,Terrazza mare,attiva,2010-09-14,2010,9,45.60555,13.72195,0.0,1.88,1.0,ENE,0.02,5.0,1.9,0.16,102.0,8.23,ASSENTE,35.4,20.64,25.8,0.0,0.0,319.0,20.0,0.0,0.0,996.0,40.0
Punta Sottile - Muggia,Terrazza mare,attiva,2011-05-18,2011,5,45.60555,13.72195,0.0,1.64,1.0,ESE,0.04,4.0,1.09,0.07,113.7,8.2,ASSENTE,36.57,17.54,26.8,0.0,0.0,620.0,2000.0,0.0,0.0,129.0,0.0
Punta Sottile - Muggia,Terrazza mare,attiva,2011-06-15,2011,6,45.60555,13.72195,0.0,1.06,3.0,O,0.01,3.0,0.55,0.07,102.3,8.12,ASSENTE,36.59,21.73,26.2,0.0,0.0,2533.0,2400.0,0.0,0.0,2873.0,400.0
Punta Sottile - Muggia,Terrazza mare,attiva,2011-07-15,2011,7,45.60555,13.72195,0.0,0.79,9.0,NNE,0.05,3.5,0.73,0.11,100.5,8.22,ASSENTE,35.45,26.6,27.8,0.0,0.0,15875.0,10000.0,0.0,0.0,5427.0,4800.0
Punta Sottile - Muggia,Terrazza mare,attiva,2011-08-09,2011,8,45.60555,13.72195,0.5,0.84,10.0,ENE,0.02,10.0,0.64,0.09,103.9,8.15,ENE,35.33,24.06,24.3,0.0,0.0,137.0,0.0,0.0,0.0,581.0,3200.0
Punta Sottile - Muggia,Terrazza mare,attiva,2011-09-14,2011,9,45.60555,13.72195,0.0,0.81,1.0,ONO,0.03,2.3,0.56,0.07,129.6,8.2,ASSENTE,35.94,26.77,28.8,0.0,0.0,306619.0,420.0,299774.0,280.0,1274.0,40.0
Punta Sottile - Muggia,Terrazza mare,attiva,2011-09-21,2011,9,45.60555,13.72195,0.0,,0.0,ENE,,5.0,,,,,ASSENTE,,,23.0,0.0,0.0,15099.0,0.0,6361.0,240.0,874.0,0.0
Punta Sottile - Muggia,Terrazza mare,attiva,2012-05-24,2012,5,45.60555,13.72195,0.5,0.76,8.0,SE,0.01,2.0,3.25,0.06,114.93,7.96,SE,36.501,18.788,28.5,0.0,0.0,13371.0,440.0,0.0,0.0,1029.0,0.0
Punta Sottile - Muggia,Terrazza mare,attiva,2012-07-11,2012,7,45.60555,13.72195,0.0,0.71,3.0,NO,0.02,2.0,1.11,0.1,101.74,8.1,ASSENTE,35.311,28.573,31.0,0.0,0.0,238.0,0.0,0.0,40.0,40.0,0.0
Punta Sottile - Muggia,Terrazza mare,attiva,2012-08-09,2012,8,45.60555,13.72195,0.0,0.41,5.0,NE,0.01,9.0,0.79,0.02,91.44,8.15,ASSENTE,37.176,25.678,32.0,0.0,0.0,7728.0,0.0,0.0,0.0,552.0,0.0
Punta Sottile - Muggia,Terrazza mare,attiva,2012-09-13,2012,9,45.60555,13.72195,0.5,0.83,10.0,NE,0.01,8.5,1.09,0.02,88.72,7.88,NE,37.019,22.33,15.6,0.0,0.0,4427.0,40.0,3695.0,40.0,68.0,40.0
Punta Sottile - Muggia,Terrazza mare,attiva,2013-05-13,2013,5,45.60555,13.72195,0.0,0.78,3.0,O,0.07,3.5,0.67,0.1,110.54,8.25,ASSENTE,36.45,19.14,19.4,0.0,0.0,109.0,0.0,0.0,0.0,72.0,200.0
Punta Sottile - Muggia,Terrazza mare,attiva,2013-06-17,2013,6,45.60555,13.72195,0.0,2.1,0.0,ASSENTE,0.05,0.0,5.09,0.19,114.02,8.23,ASSENTE,32.67,26.35,33.8,0.0,0.0,4445.0,440.0,0.0,0.0,1881.0,80.0
Punta Sottile - Muggia,Terrazza mare,attiva,2013-07-15,2013,7,45.60555,13.72195,0.0,1.1,6.0,ASSENTE,0.02,0.0,0.71,0.05,103.87,8.21,ASSENTE,35.83,26.18,31.8,0.0,0.0,2444.0,0.0,0.0,0.0,415.0,0.0
Punta Sottile - Muggia,Terrazza mare,attiva,2013-08-19,2013,8,45.60555,13.72195,0.0,3.65,3.0,ASSENTE,0.05,0.0,1.6,0.2,98.73,8.16,ASSENTE,36.73,24.27,27.6,0.0,0.0,498.0,0.0,0.0,0.0,311.0,0.0
Punta Sottile - Muggia,Terrazza mare,attiva,2013-09-16,2013,9,45.60555,13.72195,0.0,2.14,6.0,ONO,0.06,2.7,1.13,0.1,103.68,8.18,ASSENTE,35.92,23.62,24.3,397.0,0.0,492.0,20.0,1846.0,40.0,260.0,0.0
Punta Sottile - Muggia,Terrazza mare,attiva,2014-05-12,2014,5,45.60555,13.72195,0.0,0.24,5.0,NNE,0.06,1.0,12.6,0.38,95.45,7.74,ASSENTE,30.25,19.18,17.6,0.0,0.0,480.0,0.0,0.0,0.0,151.0,13.0
Punta Sottile - Muggia,Terrazza mare,attiva,2014-06-16,2014,6,45.60555,13.72195,0.0,1.83,10.0,ENE,0.08,6.0,0.82,0.06,113.8,7.86,ASSENTE,36.71,17.5,23.8,0.0,0.0,118.0,7.0,0.0,0.0,140.0,13.0
Punta Sottile - Muggia,Terrazza mare,attiva,2014-07-28,2014,7,45.60555,13.72195,0.0,2.48,9.0,ASSENTE,0.22,0.0,2.91,0.14,110.45,8.2,ASSENTE,34.02,24.49,27.4,0.0,0.0,416.0,0.0,0.0,0.0,69.0,0.0
Punta Sottile - Muggia,Terrazza mare,attiva,2014-08-18,2014,8,45.60555,13.72195,0.0,1.15,7.0,ASSENTE,0.03,0.0,1.88,0.08,122.96,8.03,ASSENTE,34.21,24.01,27.4,0.0,0.0,143.0,0.0,0.0,0.0,86.0,0.0
Punta Sottile - Muggia,Terrazza mare,attiva,2014-09-15,2014,9,45.60555,13.72195,0.0,0.12,2.0,ASSENTE,0.01,0.0,0.3,0.04,98.27,8.18,ASSENTE,35.82,21.51,21.0,0.0,0.0,333.0,0.0,56.0,0.0,666.0,40.0
Punta Sottile - Muggia,Terrazza mare,attiva,2015-05-18,2015,5,45.60555,13.72195,0.0,0.35,0.0,ASSENTE,0.1,0.0,2.22,0.04,101.99,8.21,ASSENTE,36.18,18.75,26.0,0.0,0.0,173.0,0.0,0.0,0.0,0.0,0.0
Punta Sottile - Muggia,Terrazza mare,attiva,2015-06-22,2015,6,45.60555,13.72195,0.0,0.02,10.0,ASSENTE,0.04,0.0,0.55,0.02,102.61,8.27,ASSENTE,37.1,21.8,27.0,0.0,0.0,45.0,0.0,0.0,0.0,0.0,0.0
Punta Sottile - Muggia,Terrazza mare,attiva,2015-07-06,2015,7,45.60555,13.72195,0.0,0.32,4.0,ASSENTE,0.05,0.0,2.16,0.02,103.39,8.23,ASSENTE,35.39,28.48,33.0,698.0,0.0,873.0,0.0,0.0,0.0,194.0,0.0
Punta Sottile - Muggia,Terrazza mare,attiva,2015-09-08,2015,9,45.60555,13.72195,0.0,0.96,1.0,O,0.04,2.0,1.08,0.04,95.69,8.05,ASSENTE,36.64,23.1,23.0,0.0,0.0,1116.0,0.0,0.0,0.0,1070.0,0.0
Punta Sottile - Muggia,Terrazza mare,attiva,2016-05-16,2016,5,45.60555,13.72195,0.2,0.94,2.0,O,0.01,3.0,4.19,0.07,108.47,8.14,O,36.43,16.25,18.0,0.0,0.0,874.0,0.0,0.0,0.0,0.0,0.0
Punta Sottile - Muggia,Terrazza mare,attiva,2016-06-27,2016,6,45.60555,13.72195,0.4,0.63,9.0,O,0.12,4.0,2.54,0.02,103.3,8.24,O,34.44,24.96,28.0,0.0,0.0,45.0,0.0,0.0,0.0,422.0,0.0
Punta Sottile - Muggia,Terrazza mare,attiva,2016-07-25,2016,7,45.60555,13.72195,0.3,1.16,9.0,NE,0.01,9.0,5.07,0.08,98.78,8.13,NO,36.09,26.8,33.0,0.0,0.0,420.0,0.0,0.0,0.0,300.0,0.0
Punta Sottile - Muggia,Terrazza mare,attiva,2016-08-08,2016,8,45.60555,13.72195,0.2,0.91,0.0,NE,0.09,5.0,2.94,0.03,93.85,8.16,NE,36.94,23.3,29.0,24.0,0.0,581.0,0.0,0.0,0.0,121.0,0.0
Punta Sottile - Muggia,Terrazza mare,attiva,2016-09-19,2016,9,45.60555,13.72195,0.0,1.57,8.0,NO,0.01,2.0,4.2,0.05,90.92,8.16,ASSENTE,36.75,23.14,23.0,51.0,0.0,1277.0,0.0,51.0,0.0,179.0,0.0
Punta Sottile - Muggia,Terrazza mare,attiva,2017-05-22,2017,5,45.60555,13.72195,0.0,1.02,5.0,ONO,1.66,3.6,4.37,0.23,131.77,8.29,ASSENTE,34.95,18.65,22.0,0.0,0.0,128042.0,0.0,0.0,0.0,481.0,0.0
Punta Sottile - Muggia,Terrazza mare,attiva,2017-06-20,2017,6,45.60555,13.72195,0.0,1.6,0.0,SSO,0.08,2.4,3.83,0.01,102.38,8.43,ASSENTE,33.85,24.95,35.0,0.0,0.0,939.0,0.0,0.0,0.0,300.0,40.0
Punta Sottile - Muggia,Terrazza mare,attiva,2017-07-17,2017,7,45.60555,13.72195,0.0,1.05,1.0,O,0.04,3.6,3.63,0.08,109.08,8.31,ASSENTE,35.68,22.54,23.0,60.0,0.0,20.0,0.0,0.0,0.0,100.0,0.0
Punta Sottile - Muggia,Terrazza mare,attiva,2017-08-28,2017,8,45.60555,13.72195,0.0,1.21,10.0,S,0.32,4.4,2.45,0.04,106.89,8.41,ASSENTE,36.06,25.09,29.0,0.0,0.0,5287.0,0.0,0.0,0.0,0.0,0.0
Punta Sottile - Muggia,Terrazza mare,attiva,2017-09-18,2017,9,45.60555,13.72195,0.0,1.87,8.0,E,0.01,1.9,2.26,0.04,81.99,8.33,ASSENTE,36.23,22.1,20.0,0.0,0.0,165.0,0.0,0.0,0.0,247.0,0.0
Punta Sottile - Muggia,Terrazza mare,attiva,2018-05-21,2018,5,45.60555,13.72195,0.0,0.52,3.0,E,0.02,6.39,5.15,0.12,94.11,8.17,ASSENTE,37.4,19.5,23.0,195.0,0.0,244.0,0.0,0.0,0.0,0.0,0.0
Punta Sottile - Muggia,Terrazza mare,attiva,2018-06-26,2018,6,45.60555,13.72195,0.0,,2.0,ENE,0.1,7.5,3.54,0.04,96.34,8.15,ASSENTE,37.6,21.59,24.0,381.0,0.0,1067.0,0.0,0.0,0.0,1943.0,40.0
Punta Sottile - Muggia,Terrazza mare,attiva,2018-07-23,2018,7,45.60555,13.72195,0.0,0.2,10.0,O,0.15,2.2,0.07,0.07,87.1,8.2,ASSENTE,37.4,26.0,26.0,0.0,0.0,270.0,0.0,0.0,0.0,974.0,0.0
Punta Sottile - Muggia,Terrazza mare,attiva,2018-08-27,2018,8,45.60555,13.72195,0.0,0.63,1.0,NE,1.18,6.4,5.84,,92.3,8.1,ASSENTE,37.6,20.1,21.0,0.0,0.0,422.0,0.0,590.0,40.0,633.0,80.0
Punta Sottile - Muggia,Terrazza mare,attiva,2018-09-17,2018,9,45.60555,13.72195,0.0,1.3,3.0,ONO,0.15,2.8,4.35,0.1,89.48,8.1,ASSENTE,37.11,24.79,24.0,938.0,0.0,15876.0,0.0,63577.0,1000.0,794.0,0.0
Punta Sottile - Muggia,Terrazza mare,attiva,2019-06-24,2019,6,45.60555,13.72195,0.0,1.95,2.0,NO,0.12,2.3,7.88,0.06,95.45,8.32,ASSENTE,33.14,25.7,30.0,124.0,0.0,69.0,0.0,0.0,0.0,165.0,0.0
Punta Sottile - Muggia,Terrazza mare,attiva,2019-07-15,2019,7,45.60555,13.72195,0.0,0.11,7.0,E,0.06,8.1,5.73,0.06,87.02,8.23,ASSENTE,36.78,24.36,30.0,68.0,0.0,102.0,0.0,0.0,0.0,920.0,0.0
Punta Sottile - Muggia,Terrazza mare,attiva,2019-07-22,2019,7,45.60555,13.72195,0.0,0.11,8.0,ONO,0.01,2.8,5.79,0.06,89.86,8.27,ASSENTE,35.71,26.1,30.0,107.0,0.0,160.0,0.0,0.0,0.0,133.0,0.0
Punta Sottile - Muggia,Terrazza mare,attiva,2019-08-05,2019,8,45.60555,13.72195,0.0,0.32,9.0,ONO,0.1,1.9,4.39,0.06,91.21,8.25,ASSENTE,34.82,25.71,24.0,48.0,0.0,120.0,0.0,0.0,0.0,407.0,0.0
Punta Sottile - Muggia,Terrazza mare,attiva,2019-08-26,2019,8,45.60555,13.72195,0.0,0.11,1.0,E,0.01,3.5,2.49,0.06,93.77,8.19,ASSENTE,37.38,25.27,32.0,0.0,0.0,1075.0,0.0,0.0,0.0,269.0,0.0
Punta Sottile - Muggia,Terrazza mare,attiva,2019-09-16,2019,9,45.60555,13.72195,0.0,0.11,0.0,ONO,0.03,1.4,2.59,0.06,86.3,8.14,ASSENTE,37.14,23.5,24.0,0.0,0.0,1739.0,0.0,605.0,0.0,605.0,0.0
Punta Sottile - Muggia,Terrazza mare,attiva,2019-09-23,2019,9,45.60555,13.72195,0.0,0.53,10.0,O,0.03,1.4,3.71,0.06,81.21,8.15,ASSENTE,37.67,21.1,18.0,0.0,0.0,2271.0,0.0,3797.0,40.0,0.0,0.0
Punta Sottile - Muggia,Terrazza mare,attiva,2020-06-22,2020,6,45.60555,13.72195,0.0,0.01,3.0,ONO,0.07,2.5,1.22,0.01,,8.02,ASSENTE,31.55,23.73,23.0,198.0,0.0,452.0,0.0,0.0,0.0,565.0,0.0
Punta Sottile - Muggia,Terrazza mare,attiva,2020-07-06,2020,7,45.60555,13.72195,0.0,0.01,0.0,O,0.03,2.5,1.52,0.01,88.13,8.05,ASSENTE,34.79,24.04,26.0,563.0,160.0,1182.0,0.0,0.0,0.0,2055.0,0.0
Punta Sottile - Muggia,Terrazza mare,attiva,2020-07-20,2020,7,45.60555,13.72195,0.0,0.01,0.0,NO,0.01,2.5,1.04,0.01,91.51,8.06,ASSENTE,36.42,22.53,22.0,0.0,0.0,1270.0,0.0,0.0,0.0,1485.0,0.0
Punta Sottile - Muggia,Terrazza mare,attiva,2020-08-03,2020,8,45.60555,13.72195,0.0,0.84,10.0,ENE,0.02,1.7,1.68,0.01,82.01,7.99,ASSENTE,35.94,26.0,26.0,117.0,0.0,254.0,0.0,0.0,0.0,644.0,80.0
Punta Sottile - Muggia,Terrazza mare,attiva,2020-08-24,2020,8,45.60555,13.72195,0.0,0.01,2.0,ENE,0.25,10.8,1.39,0.01,103.83,7.99,ASSENTE,37.47,22.9,26.0,661.0,0.0,220.0,0.0,0.0,0.0,220.0,0.0
Punta Sottile - Muggia,Terrazza mare,attiva,2020-09-07,2020,9,45.60555,13.72195,0.0,0.01,7.0,ENE,0.03,9.7,0.1,0.01,90.75,8.03,ASSENTE,36.29,24.6,24.0,0.0,0.0,264.0,0.0,0.0,0.0,264.0,0.0
Punta Sottile - Muggia,Terrazza mare,attiva,2020-09-14,2020,9,45.60555,13.72195,0.0,,0.0,E,,4.7,,,107.56,8.21,ASSENTE,36.42,23.14,30.0,,,,,,,,
Punta Sottile - Muggia,Terrazza mare,attiva,2020-09-21,2020,9,45.60555,13.72195,0.0,0.1,10.0,S,0.08,2.5,0.1,0.1,93.79,7.61,ASSENTE,37.15,22.03,22.0,83.0,0.0,743.0,0.0,41.0,80.0,371.0,0.0
Punta Sottile - Muggia,Terrazza mare,attiva,2021-06-21,2021,6,45.60555,13.72195,0.0,0.01,1.0,ONO,0.01,2.5,3.6,0.12,84.44,8.13,ASSENTE,33.5,26.64,27.0,0.0,0.0,817.0,0.0,0.0,0.0,427.0,0.0
Punta Sottile - Muggia,Terrazza mare,attiva,2021-07-05,2021,7,45.60555,13.72195,0.0,1.41,5.0,WNW,0.01,2.5,2.52,0.11,83.93,8.08,ASSENTE,32.11,26.41,24.0,0.0,0.0,17.0,0.0,0.0,0.0,41.0,0.0
Punta Sottile - Muggia,Terrazza mare,attiva,2021-07-19,2021,7,45.60555,13.72195,0.0,0.01,2.0,NE,0.01,7.5,0.01,0.11,88.31,8.11,ASSENTE,34.2,25.28,30.0,63.0,0.0,0.0,0.0,0.0,0.0,63.0,0.0
Punta Sottile - Muggia,Terrazza mare,attiva,2021-08-02,2021,8,45.60555,13.72195,0.0,0.13,5.0,WSW,0.18,3.3,1.49,0.08,85.48,8.07,ASSENTE,34.8,27.1,26.0,17.0,0.0,104.0,0.0,0.0,0.0,69.0,0.0
Punta Sottile - Muggia,Terrazza mare,attiva,2021-08-24,2021,8,45.60555,13.72195,0.0,0.01,0.0,ENE,0.19,5.28,1.68,0.01,83.7,,ASSENTE,37.35,23.4,24.0,98.0,0.0,1181.0,0.0,0.0,0.0,107.0,0.0
Punta Sottile - Muggia,Terrazza mare,attiva,2021-09-06,2021,9,45.60555,13.72195,0.0,0.57,0.0,NE,0.36,4.7,1.17,0.01,90.48,,ASSENTE,36.35,22.58,24.0,89.0,0.0,1115.0,0.0,98.0,0.0,45.0,0.0
Punta Sottile - Muggia,Terrazza mare,attiva,2021-09-20,2021,9,45.60555,13.72195,0.0,0.62,9.0,ENE,0.22,10.5,1.57,0.01,96.33,,ASSENTE,36.14,22.49,21.0,163.0,0.0,846.0,160.0,0.0,0.0,358.0,0.0
Punta Sottile - Muggia,Terrazza mare,attiva,2022-06-20,2022,6,45.60555,13.72195,0.0,0.77,0.0,ONO,0.25,1.4,1.74,0.05,160.93,8.15,ASSENTE,37.77,24.8,25.0,0.0,0.0,107.0,0.0,0.0,0.0,43.0,0.0
Punta Sottile - Muggia,Terrazza mare,attiva,2022-07-25,2022,7,45.60555,13.72195,0.0,1.11,0.0,NW,0.12,3.3,2.87,,117.43,8.23,ASSENTE,37.66,28.0,29.0,713.0,0.0,1177.0,0.0,0.0,0.0,891.0,40.0
Punta Sottile - Muggia,Terrazza mare,attiva,2022-08-08,2022,8,45.60555,13.72195,0.0,0.65,3.0,ENE,0.17,9.17,2.55,,95.1,8.15,ASSENTE,38.15,21.4,25.0,180.0,0.0,270.0,0.0,1020.0,0.0,90.0,40.0
Punta Sottile - Muggia,Terrazza mare,attiva,2022-08-22,2022,8,45.60555,13.72195,0.0,,3.0,WNW,0.12,1.6,2.12,,,,ASSENTE,,25.26,25.0,0.0,0.0,5234.0,0.0,86163.0,1200.0,766.0,0.0
Punta Sottile - Muggia,Terrazza mare,attiva,2022-08-29,2022,8,45.60555,13.72195,0.0,1.19,5.0,W,0.11,2.5,1.86,0.3,,8.25,ASSENTE,38.13,25.48,26.0,0.0,0.0,3313.0,80.0,76631.0,4040.0,1043.0,0.0
Punta Sottile - Muggia,Terrazza mare,attiva,2022-09-05,2022,9,45.60555,13.72195,0.0,0.98,3.0,WSW,0.23,1.1,1.34,0.35,96.81,7.9,ASSENTE,38.19,23.5,24.0,0.0,0.0,6498.0,120.0,36328.0,1800.0,0.0,0.0
Punta Sottile - Muggia,Terrazza mare,attiva,2022-09-19,2022,9,45.60555,13.72195,0.0,,3.0,SW,,1.9,,,94.11,8.14,ASSENTE,37.99,23.71,21.0,0.0,0.0,12981.0,40.0,23967.0,160.0,0.0,0.0
Punta Sottile - Muggia,Terrazza mare,attiva,2023-06-19,2023,6,45.60555,13.72195,0.0,1.43,5.0,NW,0.19,2.8,0.39,0.14,106.81,8.13,ASSENTE,37.77,24.59,24.0,0.0,0.0,301.0,0.0,0.0,0.0,69.0,0.0
Punta Sottile - Muggia,Terrazza mare,attiva,2023-07-24,2023,7,45.60555,13.72195,0.0,1.06,10.0,SSW,0.09,1.1,0.6,0.08,89.52,8.0,ASSENTE,37.39,27.9,27.0,45.0,0.0,118.0,0.0,0.0,0.0,416.0,0.0
Punta Sottile - Muggia,Terrazza mare,attiva,2023-08-07,2023,8,45.60555,13.72195,0.0,2.56,1.0,W,0.12,0.8,6.08,0.11,81.27,8.01,ASSENTE,37.05,24.58,21.0,196.0,0.0,873.0,80.0,0.0,0.0,7340.0,200.0
Punta Sottile - Muggia,Terrazza mare,attiva,2023-08-21,2023,8,45.60555,13.72195,0.0,2.24,0.0,NNW,0.13,2.5,0.61,0.11,81.17,8.0,ASSENTE,37.67,25.9,28.0,299.0,0.0,689.0,160.0,299.0,0.0,483.0,40.0
Punta Sottile - Muggia,Terrazza mare,attiva,2023-09-04,2023,9,45.60555,13.72195,0.0,0.87,4.0,E,0.12,3.6,0.31,0.08,100.03,8.07,ASSENTE,37.15,25.22,25.0,194.0,80.0,156.0,40.0,493.0,240.0,583.0,120.0
Punta Sottile - Muggia,Terrazza mare,attiva,2023-09-18,2023,9,45.60555,13.72195,0.0,0.99,10.0,ESE,0.02,1.3,2.37,0.15,84.61,7.93,ASSENTE,37.9,24.3,23.0,331.0,0.0,1590.0,0.0,4306.0,0.0,1242.0,0.0
Punta Sottile - Muggia,Terrazza mare,attiva,2024-06-24,2024,6,45.60555,13.72195,0.0,1.21,9.0,ENE,0.07,16.7,,,91.25,8.21,ASSENTE,36.95,20.3,24.0,0.0,0.0,0.0,0.0,0.0,0.0,43.0,0.0
Punta Sottile - Muggia,Terrazza mare,attiva,2024-07-22,2024,7,45.60555,13.72195,0.0,1.21,7.0,W,,1.6,2.43,,90.51,,ASSENTE,37.07,24.54,25.0,16.0,0.0,228.0,0.0,0.0,0.0,488.0,0.0
Punta Sottile - Muggia,Terrazza mare,attiva,2024-08-05,2024,8,45.60555,13.72195,0.0,2.21,9.0,NE,0.15,1.6,2.14,0.13,88.96,8.18,ASSENTE,33.86,26.74,28.3,26.0,0.0,1029.0,0.0,0.0,0.0,567.0,0.0
Punta Sottile - Muggia,Terrazza mare,attiva,2024-08-19,2024,8,45.60555,13.72195,0.0,5.64,10.0,SSE,,0.3,2.36,0.26,77.64,8.12,ASSENTE,36.3,28.24,22.5,31.0,0.0,265.0,0.0,0.0,0.0,545.0,0.0
Punta Sottile - Muggia,Terrazza mare,attiva,2024-09-02,2024,9,45.60555,13.72195,0.0,1.29,3.0,SSE,0.02,1.7,,,78.26,8.31,ASSENTE,34.95,28.1,29.6,139.0,0.0,126.0,40.0,38.0,0.0,315.0,0.0
Punta Sottile - Muggia,Terrazza mare,attiva,2024-09-16,2024,9,45.60555,13.72195,0.0,0.06,2.0,SE,0.1,1.9,,,84.5,8.21,ASSENTE,35.2,21.88,17.0,274.0,0.0,504.0,0.0,377.0,560.0,130.0,0.0
S. Bartolomeo - Muggia,Campeggio Polizia,dismessa,2010-05-25,2010,5,45.59665,13.723033333333332,0.0,1.0,0.0,SO,0.1,4.8,8.79,0.23,126.0,8.26,ASSENTE,28.9,22.77,28.8,0.0,0.0,1570.0,320.0,0.0,0.0,0.0,1064.0
Sistiana - Duino-Aurisina,Spiaggia ex Castelreggio,attiva,2009-10-07,2009,10,45.76743333333334,13.6308,0.0,,0.0,NNE,,5.0,,,,,ASSENTE,,,26.0,,,,,,,,
Sistiana - Duino-Aurisina,Spiaggia ex Castelreggio,attiva,2010-05-27,2010,5,45.76743333333334,13.6308,0.0,0.76,0.0,S,0.01,3.5,38.95,0.33,109.1,8.07,ASSENTE,21.4,21.48,29.0,0.0,0.0,0.0,0.0,0.0,0.0,0.0,0.0
Sistiana - Duino-Aurisina,Spiaggia ex Castelreggio,attiva,2010-06-29,2010,6,45.76743333333334,13.6308,0.0,1.8,8.0,ASSENTE,0.02,0.0,15.54,0.22,102.5,8.24,ASSENTE,26.9,24.06,25.2,0.0,0.0,50080.0,1720.0,0.0,0.0,0.0,0.0
Sistiana - Duino-Aurisina,Spiaggia ex Castelreggio,attiva,2010-07-21,2010,7,45.76743333333334,13.6308,0.0,1.69,0.5,SO,0.01,0.07,15.39,0.49,109.9,8.07,ASSENTE,35.7,21.7,29.0,0.0,0.0,554.0,40.0,0.0,0.0,35.0,0.0
Sistiana - Duino-Aurisina,Spiaggia ex Castelreggio,attiva,2010-08-18,2010,8,45.76743333333334,13.6308,0.0,0.81,5.0,SO,0.01,4.5,13.5,0.16,97.1,8.18,ASSENTE,29.3,24.44,26.5,0.0,0.0,0.0,79.0,0.0,0.0,122.0,0.0
Sistiana - Duino-Aurisina,Spiaggia ex Castelreggio,attiva,2010-09-15,2010,9,45.76743333333334,13.6308,0.0,3.48,4.0,S,0.01,2.2,17.5,0.14,89.9,8.17,ASSENTE,27.4,22.09,25.8,0.0,0.0,15.0,0.0,0.0,0.0,123.0,0.0
Sistiana - Duino-Aurisina,Spiaggia ex Castelreggio,attiva,2011-05-17,2011,5,45.76743333333334,13.6308,0.0,0.85,4.0,OSO,0.02,2.2,14.84,0.1,96.4,8.14,ASSENTE,33.76,15.96,20.2,0.0,0.0,798.0,0.0,0.0,0.0,0.0,0.0
Sistiana - Duino-Aurisina,Spiaggia ex Castelreggio,attiva,2011-06-17,2011,6,45.76743333333334,13.6308,0.0,0.85,7.0,SO,0.01,1.0,5.63,0.07,99.6,8.13,ASSENTE,31.77,24.04,26.0,0.0,0.0,332.0,0.0,0.0,0.0,16.0,0.0
Sistiana - Duino-Aurisina,Spiaggia ex Castelreggio,attiva,2011-07-13,2011,7,45.76743333333334,13.6308,0.0,2.51,5.0,ASSENTE,0.05,0.0,9.68,0.4,116.2,8.2,ASSENTE,34.56,25.87,33.0,0.0,0.0,610.0,1200.0,0.0,0.0,87.0,0.0
Sistiana - Duino-Aurisina,Spiaggia ex Castelreggio,attiva,2011-08-11,2011,8,45.76743333333334,13.6308,0.0,2.07,1.0,SO,0.04,4.5,11.45,0.21,107.2,8.15,ASSENTE,32.89,24.29,30.3,0.0,0.0,79.0,0.0,0.0,0.0,132.0,0.0
Sistiana - Duino-Aurisina,Spiaggia ex Castelreggio,attiva,2011-09-15,2011,9,45.76743333333334,13.6308,0.0,0.94,1.0,ASSENTE,0.02,0.0,0.44,0.08,115.3,8.14,ASSENTE,35.94,25.28,32.2,0.0,0.0,431.0,0.0,323.0,0.0,0.0,0.0
Sistiana - Duino-Aurisina,Spiaggia ex Castelreggio,attiva,2012-05-24,2012,5,45.76743333333334,13.6308,0.0,0.52,2.0,ASSENTE,0.01,0.0,8.64,0.08,104.09,8.1,ASSENTE,34.292,17.301,22.5,0.0,0.0,30.0,0.0,0.0,40.0,0.0,0.0
Sistiana - Duino-Aurisina,Spiaggia ex Castelreggio,attiva,2012-06-21,2012,6,45.76743333333334,13.6308,0.0,1.4,1.0,ASSENTE,0.02,0.0,8.43,0.16,97.07,8.04,ASSENTE,31.84,25.354,31.0,0.0,0.0,74720.0,160.0,0.0,0.0,0.0,40.0
Sistiana - Duino-Aurisina,Spiaggia ex Castelreggio,attiva,2012-07-11,2012,7,45.76743333333334,13.6308,0.0,1.11,2.0,SE,0.03,3.0,2.16,0.13,79.99,7.97,ASSENTE,34.855,26.594,33.5,0.0,0.0,29.0,0.0,0.0,0.0,29.0,0.0
Sistiana - Duino-Aurisina,Spiaggia ex Castelreggio,attiva,2012-08-09,2012,8,45.76743333333334,13.6308,0.0,0.84,8.0,NO,0.01,9.0,0.51,0.02,104.78,8.04,ASSENTE,36.931,25.923,34.7,0.0,0.0,2071.0,0.0,0.0,0.0,83.0,0.0
Sistiana - Duino-Aurisina,Spiaggia ex Castelreggio,attiva,2012-09-13,2012,9,45.76743333333334,13.6308,0.0,1.85,10.0,E,0.01,3.0,0.52,0.02,82.27,8.26,ASSENTE,36.893,22.986,17.0,0.0,0.0,572.0,40.0,322.0,0.0,36.0,0.0
Sistiana - Duino-Aurisina,Spiaggia ex Castelreggio,attiva,2013-05-13,2013,5,45.76743333333334,13.6308,0.0,0.64,3.0,OSO,0.03,2.4,1.64,0.1,105.51,8.2,ASSENTE,36.76,17.07,23.0,0.0,0.0,0.0,0.0,0.0,0.0,0.0,0.0
Sistiana - Duino-Aurisina,Spiaggia ex Castelreggio,attiva,2013-06-17,2013,6,45.76743333333334,13.6308,0.0,3.42,0.0,ASSENTE,0.06,0.0,28.4,0.29,114.03,8.12,ASSENTE,30.19,25.82,34.5,0.0,0.0,335.0,0.0,0.0,0.0,0.0,20.0
Sistiana - Duino-Aurisina,Spiaggia ex Castelreggio,attiva,2013-07-15,2013,7,45.76743333333334,13.6308,0.0,2.83,9.0,ASSENTE,0.21,0.0,1.11,0.08,100.82,8.16,ASSENTE,36.36,24.03,29.4,0.0,0.0,333.0,0.0,0.0,0.0,0.0,20.0
Sistiana - Duino-Aurisina,Spiaggia ex Castelreggio,attiva,2013-08-19,2013,8,45.76743333333334,13.6308,0.0,3.5,1.0,ASSENTE,0.04,0.0,3.83,0.19,99.87,8.09,ASSENTE,36.0,24.51,28.9,0.0,0.0,1010.0,0.0,0.0,0.0,395.0,0.0
Sistiana - Duino-Aurisina,Spiaggia ex Castelreggio,attiva,2013-09-16,2013,9,45.76743333333334,13.6308,0.0,1.53,3.0,SSO,0.04,1.3,1.65,0.2,94.02,8.19,ASSENTE,35.71,22.83,26.9,0.0,0.0,0.0,0.0,31.0,0.0,93.0,0.0
Sistiana - Duino-Aurisina,Spiaggia ex Castelreggio,attiva,2014-05-12,2014,5,45.76743333333334,13.6308,0.0,0.96,5.0,OSO,0.03,1.0,16.9,0.22,93.33,8.05,ASSENTE,29.19,19.79,17.2,0.0,0.0,400.0,0.0,0.0,0.0,0.0,11.0
Sistiana - Duino-Aurisina,Spiaggia ex Castelreggio,attiva,2014-06-16,2014,6,45.76743333333334,13.6308,0.0,2.2,10.0,ASSENTE,0.1,0.0,1.46,0.07,115.33,8.1,ASSENTE,35.84,19.4,23.8,0.0,0.0,44.0,20.0,0.0,0.0,24.0,7.0
Sistiana - Duino-Aurisina,Spiaggia ex Castelreggio,attiva,2014-07-28,2014,7,45.76743333333334,13.6308,,,,,,,,,,,,,,,0.0,0.0,118.0,0.0,0.0,0.0,157.0,0.0
Sistiana - Duino-Aurisina,Spiaggia ex Castelreggio,attiva,2014-07-29,2014,7,45.76743333333334,13.6308,0.0,2.58,10.0,ASSENTE,0.06,0.0,3.24,0.12,100.73,8.31,ASSENTE,33.95,23.85,26.9,,,,,,,,
Sistiana - Duino-Aurisina,Spiaggia ex Castelreggio,attiva,2014-08-18,2014,8,45.76743333333334,13.6308,0.0,1.01,4.0,ASSENTE,0.02,0.0,4.12,0.1,100.46,8.02,ASSENTE,32.79,24.99,29.6,0.0,0.0,157.0,0.0,0.0,0.0,235.0,0.0
Sistiana - Duino-Aurisina,Spiaggia ex Castelreggio,attiva,2014-09-15,2014,9,45.76743333333334,13.6308,0.0,1.69,6.0,ASSENTE,0.01,0.0,20.5,0.16,91.02,8.06,ASSENTE,26.27,22.11,26.0,73.0,0.0,364.0,20.0,291.0,0.0,73.0,0.0
Sistiana - Duino-Aurisina,Spiaggia ex Castelreggio,attiva,2014-09-24,2014,9,45.76743333333334,13.6308,0.0,,5.0,ASSENTE,,0.0,,,,,ASSENTE,,,20.0,,,,,,,,
Sistiana - Duino-Aurisina,Spiaggia ex Castelreggio,attiva,2015-05-18,2015,5,45.76743333333334,13.6308,0.0,0.38,0.0,ASSENTE,0.07,0.0,1.69,0.03,107.29,8.22,ASSENTE,36.26,17.06,27.0,0.0,0.0,1046.0,0.0,0.0,0.0,0.0,0.0
Sistiana - Duino-Aurisina,Spiaggia ex Castelreggio,attiva,2015-06-22,2015,6,45.76743333333334,13.6308,0.0,0.76,10.0,ASSENTE,0.05,0.0,7.04,0.07,100.09,8.23,ASSENTE,33.83,22.13,25.0,258.0,0.0,13329.0,600.0,0.0,0.0,0.0,0.0
Sistiana - Duino-Aurisina,Spiaggia ex Castelreggio,attiva,2015-07-06,2015,7,45.76743333333334,13.6308,0.0,0.62,8.0,ASSENTE,0.05,0.0,3.96,0.04,101.15,8.24,ASSENTE,35.16,27.3,33.0,88.0,0.0,264.0,0.0,0.0,0.0,0.0,0.0
Sistiana - Duino-Aurisina,Spiaggia ex Castelreggio,attiva,2015-08-17,2015,8,45.76743333333334,13.6308,0.0,1.17,10.0,ESE,0.05,1.0,0.72,0.02,97.91,7.99,ASSENTE,35.95,25.82,24.0,0.0,0.0,560.0,0.0,80.0,0.0,320.0,0.0
Sistiana - Duino-Aurisina,Spiaggia ex Castelreggio,attiva,2015-09-08,2015,9,45.76743333333334,13.6308,0.0,1.94,0.0,ASSENTE,0.05,0.0,1.52,0.09,90.87,8.07,ASSENTE,36.0,23.7,21.0,0.0,0.0,540.0,0.0,3060.0,160.0,108.0,0.0
Sistiana - Duino-Aurisina,Spiaggia ex Castelreggio,attiva,2016-05-16,2016,5,45.76743333333334,13.6308,0.0,1.18,9.0,O,0.15,1.0,57.06,0.1,97.96,7.86,ASSENTE,21.04,17.15,20.0,0.0,0.0,48.0,0.0,0.0,0.0,0.0,0.0
Sistiana - Duino-Aurisina,Spiaggia ex Castelreggio,attiva,2016-06-27,2016,6,45.76743333333334,13.6308,0.3,0.83,7.0,O,0.1,1.0,12.88,0.11,100.8,8.19,O,33.9,23.9,27.0,0.0,0.0,0.0,0.0,0.0,0.0,0.0,0.0
Sistiana - Duino-Aurisina,Spiaggia ex Castelreggio,attiva,2016-07-25,2016,7,45.76743333333334,13.6308,0.0,0.63,9.0,ASSENTE,0.01,0.0,4.18,0.07,96.73,8.18,ASSENTE,35.87,26.54,31.0,0.0,0.0,216.0,0.0,0.0,0.0,0.0,0.0
Sistiana - Duino-Aurisina,Spiaggia ex Castelreggio,attiva,2016-08-08,2016,8,45.76743333333334,13.6308,0.0,1.27,0.0,E,0.09,4.0,2.9,0.1,92.48,8.1,ASSENTE,36.33,24.2,28.0,0.0,0.0,1560.0,0.0,0.0,0.0,40.0,0.0
Sistiana - Duino-Aurisina,Spiaggia ex Castelreggio,attiva,2016-09-19,2016,9,45.76743333333334,13.6308,0.0,0.96,7.0,NO,0.01,2.0,10.46,0.1,89.19,8.12,ASSENTE,34.29,23.31,24.0,0.0,0.0,14.0,0.0,140.0,160.0,28.0,0.0
Sistiana - Duino-Aurisina,Spiaggia ex Castelreggio,attiva,2017-05-22,2017,5,45.76743333333334,13.6308,0.0,0.75,5.0,SSO,0.37,2.1,11.44,0.14,106.74,8.3,ASSENTE,32.22,19.67,26.0,0.0,0.0,7107.0,0.0,0.0,0.0,347.0,0.0
Sistiana - Duino-Aurisina,Spiaggia ex Castelreggio,attiva,2017-06-20,2017,6,45.76743333333334,13.6308,0.0,1.2,0.0,ASSENTE,0.05,0.0,9.81,0.04,94.7,8.4,ASSENTE,31.13,23.34,24.0,0.0,0.0,227.0,0.0,0.0,0.0,0.0,120.0
Sistiana - Duino-Aurisina,Spiaggia ex Castelreggio,attiva,2017-07-17,2017,7,45.76743333333334,13.6308,0.0,0.55,0.0,O,0.11,5.8,4.4,0.09,96.79,8.36,ASSENTE,31.23,23.88,27.0,229.0,0.0,171.0,0.0,0.0,0.0,571.0,0.0
Sistiana - Duino-Aurisina,Spiaggia ex Castelreggio,attiva,2017-08-28,2017,8,45.76743333333334,13.6308,0.0,0.65,10.0,O,0.32,4.2,2.92,0.06,103.49,8.47,ASSENTE,35.75,24.94,30.0,254.0,0.0,222.0,0.0,0.0,0.0,666.0,0.0
Sistiana - Duino-Aurisina,Spiaggia ex Castelreggio,attiva,2017-09-18,2017,9,45.76743333333334,13.6308,0.0,1.16,6.0,OSO,0.01,3.6,31.05,0.17,84.64,8.25,ASSENTE,29.16,20.76,20.0,0.0,0.0,0.0,0.0,0.0,0.0,178.0,0.0
Sistiana - Duino-Aurisina,Spiaggia ex Castelreggio,attiva,2018-05-21,2018,5,45.76743333333334,13.6308,0.0,1.55,5.0,ENE,0.06,5.28,3.6,0.1,98.71,8.18,ASSENTE,37.3,20.8,26.0,0.0,0.0,555.0,0.0,0.0,0.0,0.0,0.0
Sistiana - Duino-Aurisina,Spiaggia ex Castelreggio,attiva,2018-06-26,2018,6,45.76743333333334,13.6308,0.0,,2.0,NNE,0.11,6.39,5.23,0.09,92.44,8.19,ASSENTE,36.2,23.5,27.0,648.0,0.0,432.0,0.0,0.0,0.0,1566.0,0.0
Sistiana - Duino-Aurisina,Spiaggia ex Castelreggio,attiva,2018-07-23,2018,7,45.76743333333334,13.6308,0.0,0.74,5.0,O,0.04,4.2,0.07,0.07,91.3,8.2,ASSENTE,36.7,25.8,26.0,683.0,0.0,158.0,0.0,0.0,0.0,38315.0,360.0
Sistiana - Duino-Aurisina,Spiaggia ex Castelreggio,attiva,2018-08-27,2018,8,45.76743333333334,13.6308,0.0,1.19,0.0,ONO,0.07,5.6,5.5,0.19,80.4,8.2,ASSENTE,36.6,24.6,25.0,0.0,0.0,96.0,0.0,741.0,0.0,2750.0,0.0
Sistiana - Duino-Aurisina,Spiaggia ex Castelreggio,attiva,2018-09-17,2018,9,45.76743333333334,13.6308,0.0,1.63,1.0,O,0.17,2.2,18.63,0.16,88.57,8.11,ASSENTE,34.63,25.17,23.0,0.0,0.0,11410.0,0.0,15330.0,280.0,70.0,0.0
Sistiana - Duino-Aurisina,Spiaggia ex Castelreggio,attiva,2019-06-24,2019,6,45.76743333333334,13.6308,0.0,0.8,4.0,ASSENTE,0.02,0.0,32.0,0.06,102.05,8.3,ASSENTE,28.63,26.89,33.0,24.0,0.0,47.0,0.0,0.0,0.0,47.0,0.0
Sistiana - Duino-Aurisina,Spiaggia ex Castelreggio,attiva,2019-07-15,2019,7,45.76743333333334,13.6308,0.0,0.11,8.0,E,0.03,6.1,4.85,0.06,94.3,8.18,ASSENTE,36.02,24.14,27.0,0.0,0.0,28.0,0.0,0.0,0.0,252.0,0.0
Sistiana - Duino-Aurisina,Spiaggia ex Castelreggio,attiva,2019-07-22,2019,7,45.76743333333334,13.6308,0.0,0.11,7.0,ONO,0.01,3.1,7.55,0.06,101.87,8.35,ASSENTE,35.45,26.15,28.0,398.0,0.0,3320.0,0.0,0.0,0.0,598.0,0.0
Sistiana - Duino-Aurisina,Spiaggia ex Castelreggio,attiva,2019-08-05,2019,8,45.76743333333334,13.6308,0.0,0.59,8.0,ONO,0.14,2.2,4.81,0.14,95.36,8.37,ASSENTE,34.03,26.39,26.0,0.0,0.0,76.0,0.0,0.0,0.0,76.0,0.0
Sistiana - Duino-Aurisina,Spiaggia ex Castelreggio,attiva,2019-08-26,2019,8,45.76743333333334,13.6308,0.0,0.11,0.0,SE,0.13,2.9,2.43,0.06,94.48,8.32,ASSENTE,37.05,24.11,34.0,200.0,0.0,356.0,0.0,156.0,0.0,333.0,0.0
Sistiana - Duino-Aurisina,Spiaggia ex Castelreggio,attiva,2019-09-16,2019,9,45.76743333333334,13.6308,0.0,0.39,0.0,NNO,0.05,2.5,13.0,0.06,97.53,8.35,ASSENTE,34.37,23.92,24.0,0.0,0.0,1697.0,0.0,3729.0,40.0,1311.0,0.0
Sistiana - Duino-Aurisina,Spiaggia ex Castelreggio,attiva,2019-09-23,2019,9,45.76743333333334,13.6308,0.0,0.89,10.0,O,0.04,1.7,6.51,0.1,86.42,8.24,ASSENTE,35.99,20.27,18.0,0.0,0.0,2280.0,0.0,11460.0,200.0,7680.0,0.0
Sistiana - Duino-Aurisina,Spiaggia ex Castelreggio,attiva,2020-06-22,2020,6,45.76743333333334,13.6308,0.0,0.19,2.0,ONO,0.09,1.4,36.67,0.19,,8.07,ASSENTE,24.32,24.21,25.0,0.0,0.0,259.0,0.0,0.0,0.0,155.0,0.0
Sistiana - Duino-Aurisina,Spiaggia ex Castelreggio,attiva,2020-07-06,2020,7,45.76743333333334,13.6308,0.0,0.01,5.0,OSO,0.01,3.6,3.01,0.01,96.77,8.16,ASSENTE,31.91,25.75,28.0,0.0,640.0,781.0,0.0,0.0,0.0,1987.0,0.0
Sistiana - Duino-Aurisina,Spiaggia ex Castelreggio,attiva,2020-07-20,2020,7,45.76743333333334,13.6308,0.0,0.01,0.0,ONO,0.01,2.2,9.55,0.01,93.57,8.13,ASSENTE,32.19,24.29,24.0,0.0,0.0,548.0,0.0,0.0,0.0,812.0,0.0
Sistiana - Duino-Aurisina,Spiaggia ex Castelreggio,attiva,2020-08-03,2020,8,45.76743333333334,13.6308,0.0,0.17,10.0,SE,0.12,3.3,1.48,0.01,86.99,8.15,ASSENTE,36.23,26.3,26.0,0.0,292.0,0.0,0.0,0.0,0.0,195.0,0.0
Sistiana - Duino-Aurisina,Spiaggia ex Castelreggio,attiva,2020-08-24,2020,8,45.76743333333334,13.6308,0.0,0.33,7.0,ENE,0.24,8.6,0.76,0.01,94.12,8.15,ASSENTE,36.33,25.78,26.0,0.0,0.0,0.0,0.0,0.0,0.0,0.0,0.0
Sistiana - Duino-Aurisina,Spiaggia ex Castelreggio,attiva,2020-09-07,2020,9,45.76743333333334,13.6308,0.0,0.1,8.0,ENE,0.02,9.2,0.1,0.01,95.1,8.19,ASSENTE,35.89,25.01,25.0,0.0,0.0,139.0,440.0,4724.0,19720.0,139.0,0.0
Sistiana - Duino-Aurisina,Spiaggia ex Castelreggio,attiva,2020-09-14,2020,9,45.76743333333334,13.6308,0.0,,2.0,E,,6.4,,,89.83,8.06,ASSENTE,36.35,23.6,27.0,0.0,0.0,0.0,40.0,1461.0,160.0,0.0,0.0
Sistiana - Duino-Aurisina,Spiaggia ex Castelreggio,attiva,2020-09-21,2020,9,45.76743333333334,13.6308,0.0,0.1,9.0,NO,0.07,1.7,1.69,0.1,100.9,8.02,ASSENTE,36.8,22.26,24.0,0.0,0.0,0.0,0.0,92.0,40.0,0.0,0.0
Sistiana - Duino-Aurisina,Spiaggia ex Castelreggio,attiva,2021-06-21,2021,6,45.76743333333334,13.6308,0.0,0.69,0.0,NO,0.01,1.7,12.53,0.09,99.94,8.28,ASSENTE,27.04,27.02,28.0,0.0,0.0,1251.0,0.0,0.0,0.0,216.0,0.0
Sistiana - Duino-Aurisina,Spiaggia ex Castelreggio,attiva,2021-07-05,2021,7,45.76743333333334,13.6308,0.0,0.82,8.0,E,0.01,5.0,9.46,0.09,90.99,8.36,ASSENTE,29.19,26.97,27.0,779.0,0.0,591.0,0.0,0.0,0.0,23.0,0.0
Sistiana - Duino-Aurisina,Spiaggia ex Castelreggio,attiva,2021-07-19,2021,7,45.76743333333334,13.6308,0.0,0.39,3.0,S,0.01,2.2,12.77,0.21,79.0,7.94,ASSENTE,31.83,25.01,27.0,0.0,0.0,897.0,0.0,0.0,0.0,138.0,0.0
Sistiana - Duino-Aurisina,Spiaggia ex Castelreggio,attiva,2021-08-02,2021,8,45.76743333333334,13.6308,0.0,0.62,5.0,WNW,0.19,1.9,2.09,0.07,83.39,8.05,ASSENTE,34.7,26.61,26.0,112.0,0.0,168.0,0.0,0.0,0.0,254.0,40.0
Sistiana - Duino-Aurisina,Spiaggia ex Castelreggio,attiva,2021-08-23,2021,8,45.76743333333334,13.6308,0.0,0.33,10.0,E,0.16,15.2,1.69,0.06,80.81,,ASSENTE,36.1,24.52,20.0,0.0,40.0,1173.0,0.0,0.0,0.0,235.0,0.0
Sistiana - Duino-Aurisina,Spiaggia ex Castelreggio,attiva,2021-09-06,2021,9,45.76743333333334,13.6308,0.0,0.54,0.0,E,0.22,4.1,0.6,0.01,92.73,,ASSENTE,36.35,22.79,27.0,0.0,0.0,0.0,0.0,0.0,0.0,0.0,0.0
Sistiana - Duino-Aurisina,Spiaggia ex Castelreggio,attiva,2021-09-20,2021,9,45.76743333333334,13.6308,0.0,0.88,8.0,E,0.35,6.4,2.14,0.01,90.9,,ASSENTE,36.29,22.13,19.0,0.0,0.0,0.0,0.0,0.0,0.0,0.0,0.0
Sistiana - Duino-Aurisina,Spiaggia ex Castelreggio,attiva,2022-06-20,2022,6,45.76743333333334,13.6308,0.0,1.23,0.0,NO,0.55,4.7,2.81,0.19,105.76,8.17,ASSENTE,36.9,25.01,24.0,0.0,0.0,0.0,0.0,0.0,0.0,0.0,0.0
Sistiana - Duino-Aurisina,Spiaggia ex Castelreggio,attiva,2022-07-25,2022,7,45.76743333333334,13.6308,0.0,1.3,0.0,E,0.07,4.7,2.48,0.06,103.8,8.08,ASSENTE,37.98,26.4,30.0,81.0,0.0,204.0,0.0,0.0,0.0,204.0,0.0
Sistiana - Duino-Aurisina,Spiaggia ex Castelreggio,attiva,2022-08-08,2022,8,45.76743333333334,13.6308,0.0,1.48,5.0,ENE,0.13,7.8,1.46,,96.32,8.28,ASSENTE,37.81,25.94,28.0,0.0,80.0,289.0,160.0,724.0,0.0,289.0,40.0
Sistiana - Duino-Aurisina,Spiaggia ex Castelreggio,attiva,2022-08-22,2022,8,45.76743333333334,13.6308,0.0,0.77,3.0,NNW,0.08,1.0,1.62,,,,ASSENTE,,23.96,24.0,366.0,0.0,0.0,0.0,1423.0,0.0,163.0,0.0
Sistiana - Duino-Aurisina,Spiaggia ex Castelreggio,attiva,2022-08-29,2022,8,45.76743333333334,13.6308,0.0,1.0,4.0,E,0.12,3.6,0.85,0.34,,8.17,ASSENTE,37.91,25.19,27.0,1026.0,0.0,9645.0,120.0,89885.0,120.0,57537.0,600.0
Sistiana - Duino-Aurisina,Spiaggia ex Castelreggio,attiva,2022-09-05,2022,9,45.76743333333334,13.6308,0.0,0.55,6.0,WNW,0.1,2.2,2.57,0.31,103.99,8.19,ASSENTE,37.16,24.1,24.0,0.0,0.0,0.0,0.0,140427.0,720.0,0.0,0.0
Sistiana - Duino-Aurisina,Spiaggia ex Castelreggio,attiva,2022-09-19,2022,9,45.76743333333334,13.6308,0.0,,3.0,S,,2.2,,,88.44,8.08,ASSENTE,34.35,21.34,20.0,0.0,0.0,0.0,0.0,3078.0,120.0,0.0,0.0
Sistiana - Duino-Aurisina,Spiaggia ex Castelreggio,attiva,2023-06-19,2023,6,45.76743333333334,13.6308,0.0,0.49,4.0,NNW,0.11,1.7,9.7,0.1,97.55,8.04,ASSENTE,37.59,21.61,22.0,0.0,0.0,0.0,0.0,0.0,0.0,0.0,0.0
Sistiana - Duino-Aurisina,Spiaggia ex Castelreggio,attiva,2023-07-24,2023,7,45.76743333333334,13.6308,0.0,1.59,9.0,NW,0.1,3.9,11.55,0.3,105.53,8.08,ASSENTE,34.18,26.69,28.0,0.0,0.0,728.0,0.0,0.0,0.0,4368.0,0.0
Sistiana - Duino-Aurisina,Spiaggia ex Castelreggio,attiva,2023-08-07,2023,8,45.76743333333334,13.6308,0.0,2.13,1.0,NW,0.17,2.2,28.21,0.22,78.97,8.04,ASSENTE,34.45,24.67,22.0,480.0,0.0,96.0,0.0,0.0,0.0,240.0,0.0
Sistiana - Duino-Aurisina,Spiaggia ex Castelreggio,attiva,2023-08-21,2023,8,45.76743333333334,13.6308,0.0,2.57,0.0,ENE,0.08,4.7,0.32,0.17,89.19,8.11,ASSENTE,36.7,26.45,31.0,414.0,0.0,1103.0,0.0,0.0,0.0,1414.0,0.0
Sistiana - Duino-Aurisina,Spiaggia ex Castelreggio,attiva,2023-09-04,2023,9,45.76743333333334,13.6308,0.0,1.38,3.0,ENE,0.12,10.0,0.85,0.23,96.99,7.99,ASSENTE,36.33,25.39,25.0,982.0,0.0,2782.0,0.0,2727.0,0.0,2345.0,0.0
Sistiana - Duino-Aurisina,Spiaggia ex Castelreggio,attiva,2023-09-18,2023,9,45.76743333333334,13.6308,0.0,1.31,10.0,NW,0.05,1.6,0.55,0.17,81.23,8.06,ASSENTE,37.44,23.85,24.0,1770.0,520.0,28918.0,120.0,90885.0,240.0,885.0,0.0
Sistiana - Duino-Aurisina,Spiaggia ex Castelreggio,attiva,2024-06-24,2024,6,45.76743333333334,13.6308,0.0,1.21,8.0,ENE,0.03,16.7,,0.06,91.44,8.39,ASSENTE,31.7,23.61,24.0,0.0,0.0,286.0,0.0,0.0,0.0,286.0,0.0
Sistiana - Duino-Aurisina,Spiaggia ex Castelreggio,attiva,2024-07-22,2024,7,45.76743333333334,13.6308,0.0,0.86,5.0,NNE,,1.9,17.21,0.19,92.0,8.25,ASSENTE,32.32,25.44,30.0,169.0,0.0,366.0,0.0,0.0,0.0,1085.0,0.0
Sistiana - Duino-Aurisina,Spiaggia ex Castelreggio,attiva,2024-08-05,2024,8,45.76743333333334,13.6308,0.0,2.0,7.0,NW,0.05,3.9,,,88.66,8.21,ASSENTE,36.47,26.62,27.7,153.0,0.0,612.0,0.0,0.0,0.0,1070.0,0.0
Sistiana - Duino-Aurisina,Spiaggia ex Castelreggio,attiva,2024-08-19,2024,8,45.76743333333334,13.6308,0.0,5.14,10.0,ENE,,0.6,,0.14,73.23,8.23,ASSENTE,35.73,27.8,25.2,34.0,0.0,1629.0,0.0,67.0,0.0,7749.0,0.0
Sistiana - Duino-Aurisina,Spiaggia ex Castelreggio,attiva,2024-09-02,2024,9,45.76743333333334,13.6308,0.0,0.34,3.0,WSW,,2.8,,,99.84,8.39,ASSENTE,35.3,28.73,28.5,57.0,0.0,257.0,0.0,286.0,0.0,1314.0,240.0
Staranzano - Monfalcone,Spiaggia - Lido di Staranzano,dismessa,2010-05-26,2010,5,45.76586666666667,13.527766666666666,0.0,0.99,3.0,S,0.11,5.0,13.85,0.35,111.0,8.0,ASSENTE,22.3,23.23,24.8,3978.0,0.0,0.0,0.0,0.0,0.0,0.0,898.0
Staranzano - Monfalcone,Spiaggia - Lido di Staranzano,dismessa,2010-06-30,2010,6,45.76586666666667,13.527766666666666,0.0,1.81,1.0,O,0.04,3.6,28.5,0.35,150.0,8.52,ASSENTE,20.2,34.72,33.0,0.0,0.0,5289.0,0.0,0.0,0.0,0.0,0.0
Staranzano - Monfalcone,Spiaggia - Lido di Staranzano,dismessa,2010-09-16,2010,9,45.76586666666667,13.527766666666666,0.0,0.64,9.0,SSO,0.33,7.0,32.42,0.25,111.0,8.2,ASSENTE,20.0,24.37,25.0,0.0,0.0,0.0,0.0,0.0,0.0,682.0,0.0
Staranzano - Monfalcone,Spiaggia - Lido di Staranzano,dismessa,2011-05-19,2010,5,45.76586666666667,13.527766666666666,,,,,,,,,,,,,,,0.0,0.0,0.0,0.0,0.0,0.0,0.0,0.0
Staranzano - Monfalcone,Spiaggia - Lido di Staranzano,dismessa,2011-05-19,2011,5,45.76586666666667,13.527766666666666,0.0,1.32,3.0,S,0.01,6.5,11.98,0.24,132.7,8.43,ASSENTE,24.43,29.42,27.8,,,,,,,,
Staranzano - Monfalcone,Spiaggia - Lido di Staranzano,dismessa,2011-06-14,2010,6,45.76586666666667,13.527766666666666,,,,,,,,,,,,,,,0.0,0.0,0.0,0.0,0.0,0.0,0.0,0.0
Staranzano - Monfalcone,Spiaggia - Lido di Staranzano,dismessa,2011-06-14,2011,6,45.76586666666667,13.527766666666666,0.0,,9.0,SE,,3.0,,,,,ASSENTE,,,27.0,,,,,,,,
Staranzano - Monfalcone,Spiaggia - Lido di Staranzano,dismessa,2011-06-15,2011,6,45.76586666666667,13.527766666666666,,0.57,,,0.01,,6.05,0.2,93.7,7.94,,26.11,22.44,,,,,,,,,
Staranzano - Monfalcone,Spiaggia - Lido di Staranzano,dismessa,2011-07-14,2010,7,45.76586666666667,13.527766666666666,,,,,,,,,,,,,,,0.0,0.0,466.0,0.0,0.0,0.0,6933.0,2000.0
Staranzano - Monfalcone,Spiaggia - Lido di Staranzano,dismessa,2011-07-14,2011,7,45.76586666666667,13.527766666666666,0.0,0.9,9.0,S,0.01,3.6,23.44,0.34,116.9,8.34,ASSENTE,23.88,26.38,30.0,,,,,,,,
Staranzano - Monfalcone,Spiaggia - Lido di Staranzano,dismessa,2011-08-10,2010,8,45.76586666666667,13.527766666666666,,,,,,,,,,,,,,,0.0,0.0,90.0,0.0,0.0,0.0,1263.0,0.0
Staranzano - Monfalcone,Spiaggia - Lido di Staranzano,dismessa,2011-08-10,2011,8,45.76586666666667,13.527766666666666,0.0,1.81,1.0,E,0.15,5.7,14.56,0.54,90.5,8.06,ASSENTE,23.43,20.59,24.3,,,,,,,,
Staranzano - Monfalcone,Spiaggia - Lido di Staranzano,dismessa,2011-09-13,2010,9,45.76586666666667,13.527766666666666,,,,,,,,,,,,,,,0.0,0.0,441.0,1200.0,0.0,0.0,1963.0,8800.0
Staranzano - Monfalcone,Spiaggia - Lido di Staranzano,dismessa,2011-09-13,2011,9,45.76586666666667,13.527766666666666,0.0,1.62,0.0,ASSENTE,0.05,0.0,37.64,0.37,113.6,8.1,ASSENTE,20.39,23.04,32.2,,,,,,,,
Trieste,"Stabilimento balneare ""Lanterna""",dismessa,2010-05-25,2010,5,45.64816666666667,13.753766666666667,0.0,1.37,0.0,ONO,0.06,2.5,7.74,0.17,125.0,8.11,ASSENTE,28.5,22.38,26.2,0.0,0.0,397.0,0.0,0.0,0.0,0.0,6510.0
Trieste,"Stabilimento balneare ""Lanterna""",dismessa,2010-06-28,2010,6,45.64816666666667,13.753766666666667,0.0,2.65,0.0,O,0.05,2.2,8.63,0.32,115.0,8.25,ASSENTE,30.8,25.34,29.0,0.0,0.0,0.0,0.0,0.0,0.0,0.0,0.0
Trieste,"Stabilimento balneare ""Lanterna""",dismessa,2010-07-20,2010,7,45.64816666666667,13.753766666666667,0.0,2.93,0.5,NNO,0.04,2.8,1.21,0.17,107.2,7.99,ASSENTE,36.7,19.9,30.8,0.0,0.0,244.0,160.0,81.0,0.0,244.0,0.0
Trieste,"Stabilimento balneare ""Lanterna""",dismessa,2010-08-17,2010,8,45.64816666666667,13.753766666666667,0.0,1.74,4.0,O,0.01,2.0,2.06,0.17,105.9,8.27,ASSENTE,34.2,25.26,25.8,0.0,0.0,123.0,0.0,0.0,0.0,0.0,20.0
Trieste,"Stabilimento balneare ""Lanterna""",dismessa,2010-09-14,2010,9,45.64816666666667,13.753766666666667,0.0,1.15,0.0,ENE,0.01,4.0,1.0,0.11,102.8,8.29,ASSENTE,35.0,20.8,25.2,0.0,0.0,210.0,1200.0,0.0,0.0,0.0,421.0
Trieste,"Stabilimento balneare ""Lanterna""",dismessa,2011-05-18,2011,5,45.64816666666667,13.753766666666667,0.0,0.83,1.0,ENE,0.01,5.0,0.26,0.05,115.2,8.19,ASSENTE,36.78,16.98,26.4,0.0,0.0,0.0,0.0,0.0,0.0,0.0,0.0
Trieste,"Stabilimento balneare ""Lanterna""",dismessa,2011-06-15,2011,6,45.64816666666667,13.753766666666667,0.0,1.3,1.0,SO,0.03,1.5,1.24,0.11,108.8,8.12,ASSENTE,36.26,21.14,28.6,0.0,0.0,34.0,0.0,0.0,0.0,0.0,0.0
Trieste,"Stabilimento balneare ""Lanterna""",dismessa,2011-07-15,2011,7,45.64816666666667,13.753766666666667,0.0,1.56,9.0,N,0.05,2.2,1.48,0.17,104.6,8.25,ASSENTE,35.24,26.46,29.2,31.0,0.0,244.0,1200.0,0.0,0.0,15.0,800.0
Trieste,"Stabilimento balneare ""Lanterna""",dismessa,2011-08-09,2011,8,45.64816666666667,13.753766666666667,0.0,1.91,4.0,NE,0.03,3.0,0.86,0.14,106.0,8.22,ASSENTE,35.37,24.41,25.6,250.0,0.0,842.0,0.0,0.0,0.0,62.0,0.0
Trieste,"Stabilimento balneare ""Lanterna""",dismessa,2011-09-14,2011,9,45.64816666666667,13.753766666666667,0.0,2.24,0.0,ASSENTE,0.01,0.0,1.66,0.2,102.8,,ASSENTE,35.79,25.74,30.0,0.0,0.0,931.0,0.0,388.0,0.0,310.0,0.0
